Date,Price 
Jan-50,34.73
Feb-50,34.73
Mar-50,34.73
Apr-50,34.73
May-50,34.73
Jun-50,34.73
Jul-50,34.73
Aug-50,34.73
Sep-50,34.73
Oct-50,34.73
Nov-50,34.73
Dec-50,34.72
Jan-51,34.72
Feb-51,34.73
Mar-51,34.73
Apr-51,34.73
May-51,34.73
Jun-51,34.73
Jul-51,34.72
Aug-51,34.71
Sep-51,34.71
Oct-51,34.71
Nov-51,34.73
Dec-51,34.66
Jan-52,34.49
Feb-52,34.49
Mar-52,34.68
Apr-52,34.82
May-52,34.73
Jun-52,34.53
Jul-52,34.57
Aug-52,34.58
Sep-52,34.51
Oct-52,34.63
Nov-52,34.72
Dec-52,34.79
Jan-53,34.88
Feb-53,34.95
Mar-53,34.92
Apr-53,34.93
May-53,34.9
Jun-53,34.89
Jul-53,34.91
Aug-53,34.91
Sep-53,34.76
Oct-53,34.79
Nov-53,34.86
Dec-53,34.85
Jan-54,34.86
Feb-54,34.88
Mar-54,34.92
Apr-54,35.04
May-54,35.08
Jun-54,35.07
Jul-54,35.08
Aug-54,35.05
Sep-54,35.08
Oct-54,35.08
Nov-54,35.06
Dec-54,35.04
Jan-55,35.04
Feb-55,35.05
Mar-55,35.06
Apr-55,35.05
May-55,35.05
Jun-55,35.04
Jul-55,35.05
Aug-55,35.03
Sep-55,34.98
Oct-55,34.98
Nov-55,34.98
Dec-55,34.97
Jan-56,34.99
Feb-56,34.99
Mar-56,34.99
Apr-56,34.98
May-56,34.99
Jun-56,34.98
Jul-56,35
Aug-56,35.02
Sep-56,35.01
Oct-56,35.02
Nov-56,34.98
Dec-56,34.9
Jan-57,34.88
Feb-57,34.89
Mar-57,34.91
Apr-57,34.92
May-57,34.93
Jun-57,34.99
Jul-57,34.99
Aug-57,34.97
Sep-57,34.96
Oct-57,34.97
Nov-57,34.97
Dec-57,34.99
Jan-58,35.01
Feb-58,35.08
Mar-58,35.09
Apr-58,35.1
May-58,35.11
Jun-58,35.1
Jul-58,35.11
Aug-58,35.1
Sep-58,35.1
Oct-58,35.11
Nov-58,35.1
Dec-58,35.09
Jan-59,35.07
Feb-59,35.06
Mar-59,35.06
Apr-59,35.08
May-59,35.12
Jun-59,35.12
Jul-59,35.13
Aug-59,35.12
Sep-59,35.13
Oct-59,35.1
Nov-59,35.06
Dec-59,35.05
Jan-60,35.09
Feb-60,35.09
Mar-60,35.09
Apr-60,35.11
May-60,35.1
Jun-60,35.09
Jul-60,35.1
Aug-60,35.13
Sep-60,35.22
Oct-60,35.78
Nov-60,35.82
Dec-60,35.54
Jan-61,35.56
Feb-61,35.17
Mar-61,35.08
Apr-61,35.08
May-61,35.06
Jun-61,35.07
Jul-61,35.11
Aug-61,35.16
Sep-61,35.19
Oct-61,35.19
Nov-61,35.19
Dec-61,35.15
Jan-62,35.16
Feb-62,35.13
Mar-62,35.09
Apr-62,35.08
May-62,35.08
Jun-62,35.1
Jul-62,35.12
Aug-62,35.12
Sep-62,35.13
Oct-62,35.14
Nov-62,35.09
Dec-62,35.08
Jan-63,35.06
Feb-63,35.08
Mar-63,35.1
Apr-63,35.1
May-63,35.08
Jun-63,35.08
Jul-63,35.09
Aug-63,35.1
Sep-63,35.08
Oct-63,35.08
Nov-63,35.08
Dec-63,35.08
Jan-64,35.08
Feb-64,35.08
Mar-64,35.08
Apr-64,35.08
May-64,35.08
Jun-64,35.08
Jul-64,35.08
Aug-64,35.08
Sep-64,35.09
Oct-64,35.11
Nov-64,35.1
Dec-64,35.12
Jan-65,35.13
Feb-65,35.14
Mar-65,35.16
Apr-65,35.14
May-65,35.1
Jun-65,35.1
Jul-65,35.12
Aug-65,35.15
Sep-65,35.14
Oct-65,35.11
Nov-65,35.11
Dec-65,35.13
Jan-66,35.15
Feb-66,35.17
Mar-66,35.15
Apr-66,35.13
May-66,35.12
Jun-66,35.15
Jul-66,35.18
Aug-66,35.18
Sep-66,35.19
Oct-66,35.16
Nov-66,35.16
Dec-66,35.18
Jan-67,35.18
Feb-67,35.17
Mar-67,35.16
Apr-67,35.17
May-67,35.18
Jun-67,35.19
Jul-67,35.19
Aug-67,35.19
Sep-67,35.19
Oct-67,35.19
Nov-67,35.2
Dec-67,35.19
Jan-68,35.18
Feb-68,35.2
Mar-68,35.2
Apr-68,37.878
May-68,40.691
Jun-68,41.111
Jul-68,39.53
Aug-68,39.17
Sep-68,40.203
Oct-68,39.21
Nov-68,39.795
Dec-68,41.113
Jan-69,42.291
Feb-69,42.616
Mar-69,43.171
Apr-69,43.295
May-69,43.461
Jun-69,41.442
Jul-69,41.755
Aug-69,41.128
Sep-69,40.865
Oct-69,40.476
Nov-69,37.452
Dec-69,35.189
Jan-70,34.946
Feb-70,34.994
Mar-70,35.089
Apr-70,35.623
May-70,35.958
Jun-70,35.437
Jul-70,35.329
Aug-70,35.377
Sep-70,36.196
Oct-70,37.553
Nov-70,37.455
Dec-70,37.434
Jan-71,37.868
Feb-71,38.716
Mar-71,38.873
Apr-71,39.001
May-71,40.493
Jun-71,40.105
Jul-71,40.929
Aug-71,42.722
Sep-71,41.976
Oct-71,42.473
Nov-71,42.842
Dec-71,43.455
Jan-72,45.64
Feb-72,48.237
Mar-72,48.288
Apr-72,49.026
May-72,54.5
Jun-72,62.17
Jul-72,65.558
Aug-72,66.917
Sep-72,65.589
Oct-72,64.824
Nov-72,62.726
Dec-72,63.779
Jan-73,65.127
Feb-73,73.971
Mar-73,84.105
Apr-73,90.441
May-73,101.623
Jun-73,119.8
Jul-73,120.364
Aug-73,106.225
Sep-73,103.034
Oct-73,99.923
Nov-73,94.645
Dec-73,106.236
Jan-74,129.027
Feb-74,150
Mar-74,168.298
Apr-74,172.243
May-74,163.568
Jun-74,154.013
Jul-74,142.283
Aug-74,154.362
Sep-74,151.66
Oct-74,158.533
Nov-74,181.483
Dec-74,183.683
Jan-75,176.864
Feb-75,179.553
Mar-75,178.203
Apr-75,170.066
May-75,167.293
Jun-75,164.25
Jul-75,164.867
Aug-75,163.168
Sep-75,144.311
Oct-75,142.691
Nov-75,142.565
Dec-75,139.279
Jan-76,131.695
Feb-76,130.94
Mar-76,132.676
Apr-76,127.91
May-76,126.913
Jun-76,125.684
Jul-76,117.866
Aug-76,110.055
Sep-76,114.098
Oct-76,116.095
Nov-76,130.341
Dec-76,133.674
Jan-77,132.306
Feb-77,136.163
Mar-77,148.339
Apr-77,149.184
May-77,146.536
Jun-77,140.828
Jul-77,143.383
Aug-77,145.009
Sep-77,149.334
Oct-77,158.848
Nov-77,162.132
Dec-77,160.48
Jan-78,173.207
Feb-78,178.36
Mar-78,183.771
Apr-78,175.323
May-78,176.19
Jun-78,183.761
Jul-78,188.569
Aug-78,206.455
Sep-78,212.212
Oct-78,227.432
Nov-78,207.082
Dec-78,207.895
Jan-79,226.986
Feb-79,245.59
Mar-79,242.348
Apr-79,239.174
May-79,257.738
Jun-79,279.36
Jul-79,295.009
Aug-79,300.793
Sep-79,354.498
Oct-79,390.959
Nov-79,391.518
Dec-79,463.666
Jan-80,674.58
Feb-80,665.893
Mar-80,554.276
Apr-80,516.71
May-80,514.268
Jun-80,600.786
Jul-80,645.75
Aug-80,626.36
Sep-80,673.941
Oct-80,662.27
Nov-80,623.875
Dec-80,596.712
Jan-81,557.813
Feb-81,500.8
Mar-81,499.693
Apr-81,496.625
May-81,480.316
Jun-81,460.5
Jul-81,409.284
Aug-81,410.24
Sep-81,443.773
Oct-81,437.68
Nov-81,413.405
Dec-81,410.119
Jan-82,384.163
Feb-82,374.458
Mar-82,330.413
Apr-82,350.335
May-82,334.505
Jun-82,314.961
Jul-82,337.895
Aug-82,363.413
Sep-82,438.15
Oct-82,422.786
Nov-82,415.114
Dec-82,444.776
Jan-83,481.838
Feb-83,493.488
Mar-83,420.707
Apr-83,433.171
May-83,437.393
Jun-83,413.148
Jul-83,422.645
Aug-83,416.205
Sep-83,412.245
Oct-83,394.245
Nov-83,381.016
Dec-83,388.06
Jan-84,370.735
Feb-84,386.038
Mar-84,394.743
Apr-84,381.371
May-84,376.957
Jun-84,378.314
Jul-84,347.598
Aug-84,347.677
Sep-84,340.945
Oct-84,340.217
Nov-84,341.286
Dec-84,319.622
Jan-85,302.852
Feb-85,299.833
Mar-85,303.205
Apr-85,324.883
May-85,316.395
Jun-85,316.298
Jul-85,317.202
Aug-85,330.131
Sep-85,323.764
Oct-85,326.093
Nov-85,325.548
Dec-85,321.985
Jan-86,345.561
Feb-86,339.053
Mar-86,346.095
Apr-86,340.716
May-86,342.325
Jun-86,342.798
Jul-86,348.554
Aug-86,376.29
Sep-86,418.152
Oct-86,423.863
Nov-86,396.983
Dec-86,391.595
Jan-87,408.524
Feb-87,401.045
Mar-87,408.848
Apr-87,439.665
May-87,461.65
Jun-87,449.282
Jul-87,450.33
Aug-87,460.988
Sep-87,460.12
Oct-87,465.764
Nov-87,468.14
Dec-87,487.079
Jan-88,477.758
Feb-88,442.124
Mar-88,443.491
Apr-88,451.558
May-88,451.32
Jun-88,451.657
Jul-88,437.452
Aug-88,431.064
Sep-88,413.439
Oct-88,406.39
Nov-88,419.966
Dec-88,419.248
Jan-89,404.445
Feb-89,387.973
Mar-89,390.274
Apr-89,384.72
May-89,371.35
Jun-89,367.727
Jul-89,375.21
Aug-89,365.548
Sep-89,361.798
Oct-89,366.8
Nov-89,394.361
Dec-89,409.655
Jan-90,410.118
Feb-90,416.543
Mar-90,393.661
Apr-90,374.929
May-90,368.855
Jun-90,352.657
Jul-90,361.82
Aug-90,394.861
Sep-90,389.56
Oct-90,381.333
Nov-90,381.866
Dec-90,378.161
Jan-91,384.591
Feb-91,363.748
Mar-91,363.39
Apr-91,358.055
May-91,357.117
Jun-91,366.36
Jul-91,368.013
Aug-91,356.721
Sep-91,348.46
Oct-91,358.826
Nov-91,359.96
Dec-91,361.875
Jan-92,354.436
Feb-92,353.853
Mar-92,344.641
Apr-92,338.728
May-92,337.039
Jun-92,340.784
Jul-92,352.452
Aug-92,343.603
Sep-92,345.3
Oct-92,344.277
Nov-92,334.924
Dec-92,334.657
Jan-93,328.993
Feb-93,329.31
Mar-93,329.974
Apr-93,341.948
May-93,367.045
Jun-93,371.914
Jul-93,392.034
Aug-93,379.795
Sep-93,355.561
Oct-93,364.005
Nov-93,373.939
Dec-93,383.243
Jan-94,387.11
Feb-94,381.658
Mar-94,384
Apr-94,377.908
May-94,381.343
Jun-94,385.714
Jul-94,385.45
Aug-94,380.207
Sep-94,391.348
Oct-94,390.164
Nov-94,384.377
Dec-94,379.48
Jan-95,378.738
Feb-95,376.745
Mar-95,381.82
Apr-95,391.339
May-95,385.231
Jun-95,387.618
Jul-95,386.138
Aug-95,383.502
Sep-95,382.931
Oct-95,383.202
Nov-95,385.209
Dec-95,387.445
Jan-96,398.695
Feb-96,404.919
Mar-96,396.512
Apr-96,392.87
May-96,391.99
Jun-96,385.245
Jul-96,383.457
Aug-96,387.51
Sep-96,383.29
Oct-96,380.909
Nov-96,377.869
Dec-96,369.338
Jan-97,355.025
Feb-97,346.4
Mar-97,352.311
Apr-97,344.707
May-97,344.1
Jun-97,340.805
Jul-97,323.78
Aug-97,323.998
Sep-97,322.616
Oct-97,324.863
Nov-97,306.345
Dec-97,288.776
Jan-98,289.264
Feb-98,297.743
Mar-98,295.87
Apr-98,308.558
May-98,298.971
Jun-98,292.223
Jul-98,292.874
Aug-98,284.228
Sep-98,288.661
Oct-98,296.595
Nov-98,294.243
Dec-98,291.357
Jan-99,287.333
Feb-99,287.495
Mar-99,286.243
Apr-99,282.62
May-99,276.932
Jun-99,261.402
Jul-99,256.198
Aug-99,256.936
Sep-99,264.47
Oct-99,311.562
Nov-99,293.65
Dec-99,283.743
Jan-00,284.59
Feb-00,300.855
Mar-00,286.704
Apr-00,279.961
May-00,275.293
Jun-00,285.368
Jul-00,282.152
Aug-00,274.523
Sep-00,273.676
Oct-00,270.405
Nov-00,265.989
Dec-00,271.892
01-Jan,265.934
01-Feb,262.018
01-Mar,263.273
01-Apr,260.75
01-May,272.057
01-Jun,270.738
01-Jul,267.707
01-Aug,272.657
01-Sep,282.478
01-Oct,283.322
01-Nov,276.248
01-Dec,275.992
02-Jan,281.764
02-Feb,295.683
02-Mar,294.353
02-Apr,302.862
02-May,314.48
02-Jun,321.536
02-Jul,313.567
02-Aug,310.045
02-Sep,318.8
02-Oct,316.748
02-Nov,319.255
02-Dec,333.3
03-Jan,356.864
03-Feb,359.575
03-Mar,341.564
03-Apr,328.208
03-May,355.405
03-Jun,356.912
03-Jul,350.765
03-Aug,358.993
03-Sep,378.859
03-Oct,379.093
03-Nov,390.2
03-Dec,407.674
04-Jan,414.495
04-Feb,404.73
04-Mar,405.976
04-Apr,404.85
04-May,383.953
04-Jun,391.78
04-Jul,398.441
04-Aug,400.133
04-Sep,405.402
04-Oct,420.21
04-Nov,439.059
04-Dec,442.974
05-Jan,424.08
05-Feb,423.43
05-Mar,434.355
05-Apr,429.14
05-May,422.903
05-Jun,430.302
05-Jul,424.745
05-Aug,437.773
05-Sep,455.936
05-Oct,470.107
05-Nov,476.668
05-Dec,509.423
06-Jan,549.433
06-Feb,555.518
06-Mar,557.215
06-Apr,611.853
06-May,676.769
06-Jun,597.898
06-Jul,633.093
06-Aug,631.557
06-Sep,600.15
06-Oct,586.648
06-Nov,626.825
06-Dec,629.513
07-Jan,630.352
07-Feb,665.103
07-Mar,655.891
07-Apr,680.008
07-May,668.31
07-Jun,655.714
07-Jul,665.266
07-Aug,664.53
07-Sep,710.645
07-Oct,754.48
07-Nov,808.311
07-Dec,803.618
08-Jan,887.784
08-Feb,924.283
08-Mar,971.055
08-Apr,911.6
08-May,889.125
08-Jun,889.536
08-Jul,941.167
08-Aug,840.388
08-Sep,824.92
08-Oct,812.815
08-Nov,757.85
08-Dec,819.94
09-Jan,857.726
09-Feb,939.763
09-Mar,925.989
09-Apr,892.663
09-May,926.855
09-Jun,947.807
09-Jul,934.272
09-Aug,949.5
09-Sep,996.443
09-Oct,1043.511
09-Nov,1126.119
09-Dec,1135.012
10-Jan,1119.575
10-Feb,1095.8
10-Mar,1115.554
10-Apr,1148.475
10-May,1204.321
10-Jun,1232.382
10-Jul,1196
10-Aug,1213.464
10-Sep,1271.461
10-Oct,1343.19
10-Nov,1371.784
10-Dec,1393.512
03-Jan-11,1422.6
04-Jan-11,1378.5
05-Jan-11,1373.4
06-Jan-11,1371.4
07-Jan-11,1368.5
10-Jan-11,1373.7
11-Jan-11,1384
12-Jan-11,1385.7
13-Jan-11,1386.9
14-Jan-11,1360.4
18-Jan-11,1368.1
19-Jan-11,1370.2
20-Jan-11,1346.5
21-Jan-11,1341
24-Jan-11,1344.5
25-Jan-11,1332.3
26-Jan-11,1333
27-Jan-11,1318.4
28-Jan-11,1340.7
31-Jan-11,1333.8
01-Feb-11,1339.6
02-Feb-11,1331.5
03-Feb-11,1352.3
04-Feb-11,1348.3
07-Feb-11,1347.6
08-Feb-11,1363.4
09-Feb-11,1364.8
10-Feb-11,1361.9
11-Feb-11,1359.9
14-Feb-11,1364.6
15-Feb-11,1373.6
16-Feb-11,1374.7
17-Feb-11,1384.7
18-Feb-11,1388.2
22-Feb-11,1400.5
23-Feb-11,1413.4
24-Feb-11,1415.3
25-Feb-11,1408.7
28-Feb-11,1409.3
01-Mar-11,1430.7
02-Mar-11,1437.2
03-Mar-11,1416
04-Mar-11,1428.2
07-Mar-11,1434.1
08-Mar-11,1426.9
09-Mar-11,1429.3
10-Mar-11,1412.2
11-Mar-11,1421.5
14-Mar-11,1424.6
15-Mar-11,1392.6
16-Mar-11,1396
17-Mar-11,1404
18-Mar-11,1415.9
21-Mar-11,1426.2
22-Mar-11,1427.5
23-Mar-11,1437.9
24-Mar-11,1434.8
25-Mar-11,1426.1
28-Mar-11,1419.8
29-Mar-11,1416
30-Mar-11,1423.8
31-Mar-11,1438.9
01-Apr-11,1428.1
04-Apr-11,1432.2
05-Apr-11,1451.8
06-Apr-11,1457.7
07-Apr-11,1458.5
08-Apr-11,1473.4
11-Apr-11,1467.4
12-Apr-11,1452.9
13-Apr-11,1454.9
14-Apr-11,1471.7
15-Apr-11,1485.3
18-Apr-11,1492.3
19-Apr-11,1494.5
20-Apr-11,1498.3
21-Apr-11,1503.2
25-Apr-11,1508.6
26-Apr-11,1503
27-Apr-11,1516.7
28-Apr-11,1530.8
29-Apr-11,1556
02-May-11,1556.7
03-May-11,1540.1
04-May-11,1514.9
05-May-11,1480.9
06-May-11,1491.2
09-May-11,1502.9
10-May-11,1516.6
11-May-11,1501.1
12-May-11,1506.6
13-May-11,1493.4
16-May-11,1490.4
17-May-11,1479.8
18-May-11,1495.6
19-May-11,1492.2
20-May-11,1508.8
23-May-11,1515.3
24-May-11,1523.2
25-May-11,1526.6
26-May-11,1522.8
27-May-11,1536.3
31-May-11,1535.9
01-Jun-11,1542.4
02-Jun-11,1532
03-Jun-11,1541.7
06-Jun-11,1546.5
07-Jun-11,1543.3
08-Jun-11,1538.1
09-Jun-11,1542.1
10-Jun-11,1528.6
13-Jun-11,1515
14-Jun-11,1523.8
15-Jun-11,1525.6
16-Jun-11,1529.3
17-Jun-11,1538.6
20-Jun-11,1541.5
21-Jun-11,1546
22-Jun-11,1552.9
23-Jun-11,1520.1
24-Jun-11,1500.5
27-Jun-11,1496
28-Jun-11,1499.7
29-Jun-11,1509.9
30-Jun-11,1502.3
01-Jul-11,1482.3
05-Jul-11,1512.3
06-Jul-11,1528.7
07-Jul-11,1530.2
08-Jul-11,1541.2
11-Jul-11,1548.8
12-Jul-11,1561.9
13-Jul-11,1585.2
14-Jul-11,1589
15-Jul-11,1589.8
18-Jul-11,1602.1
19-Jul-11,1600.9
20-Jul-11,1596.7
21-Jul-11,1586.8
22-Jul-11,1601.3
25-Jul-11,1612
26-Jul-11,1616.6
27-Jul-11,1615
28-Jul-11,1613.4
29-Jul-11,1628.3
01-Aug-11,1619
02-Aug-11,1641.9
03-Aug-11,1663.4
04-Aug-11,1656.2
05-Aug-11,1648.8
08-Aug-11,1710.2
09-Aug-11,1740
10-Aug-11,1781.3
11-Aug-11,1748.8
12-Aug-11,1740.2
15-Aug-11,1755.5
16-Aug-11,1782.4
17-Aug-11,1791.2
18-Aug-11,1818.9
19-Aug-11,1848.9
22-Aug-11,1888.7
23-Aug-11,1858.3
24-Aug-11,1754.1
25-Aug-11,1759.8
26-Aug-11,1794.1
29-Aug-11,1788.4
30-Aug-11,1826.7
31-Aug-11,1828.5
01-Sep-11,1826
02-Sep-11,1873.7
06-Sep-11,1869.9
07-Sep-11,1814.2
08-Sep-11,1854.4
09-Sep-11,1856.4
12-Sep-11,1809.9
13-Sep-11,1826.8
14-Sep-11,1823.5
15-Sep-11,1778.5
16-Sep-11,1812.1
19-Sep-11,1776.4
20-Sep-11,1806.6
21-Sep-11,1805.5
22-Sep-11,1739.2
23-Sep-11,1637.5
26-Sep-11,1592.5
27-Sep-11,1650.6
28-Sep-11,1616.3
29-Sep-11,1615.5
30-Sep-11,1620.4
03-Oct-11,1656
04-Oct-11,1614.7
05-Oct-11,1640.3
06-Oct-11,1651.9
07-Oct-11,1634.5
10-Oct-11,1669.6
11-Oct-11,1659.7
12-Oct-11,1681.3
13-Oct-11,1667.3
14-Oct-11,1681.8
17-Oct-11,1675.5
18-Oct-11,1651.7
19-Oct-11,1646
20-Oct-11,1611.9
21-Oct-11,1635.1
24-Oct-11,1651.5
25-Oct-11,1699.6
26-Oct-11,1722.7
27-Oct-11,1746.7
28-Oct-11,1746.2
31-Oct-11,1724.2
01-Nov-11,1711
02-Nov-11,1728.7
03-Nov-11,1764.2
04-Nov-11,1755.3
07-Nov-11,1790.3
08-Nov-11,1798.4
09-Nov-11,1790.9
10-Nov-11,1758.9
11-Nov-11,1787.5
14-Nov-11,1777.8
15-Nov-11,1781.7
16-Nov-11,1773.8
17-Nov-11,1719.8
18-Nov-11,1724.7
21-Nov-11,1678.3
22-Nov-11,1702.2
23-Nov-11,1695.7
25-Nov-11,1685.5
28-Nov-11,1710.8
29-Nov-11,1713.4
30-Nov-11,1745.5
01-Dec-11,1735.3
02-Dec-11,1747
05-Dec-11,1730.7
06-Dec-11,1727.9
07-Dec-11,1740.9
08-Dec-11,1709.8
09-Dec-11,1712.8
12-Dec-11,1664.2
13-Dec-11,1659.9
14-Dec-11,1584.3
15-Dec-11,1574.6
16-Dec-11,1595.6
19-Dec-11,1594.4
20-Dec-11,1615.6
21-Dec-11,1611.9
22-Dec-11,1608.9
23-Dec-11,1604.7
27-Dec-11,1594.2
28-Dec-11,1562.9
29-Dec-11,1539.9
30-Dec-11,1565.8
03-Jan-12,1599.7
04-Jan-12,1611.9
05-Jan-12,1619.4
06-Jan-12,1616.1
09-Jan-12,1607.5
10-Jan-12,1631
11-Jan-12,1639.2
12-Jan-12,1647.3
13-Jan-12,1630.4
17-Jan-12,1655.2
18-Jan-12,1659.5
19-Jan-12,1654.1
20-Jan-12,1663.7
23-Jan-12,1678
24-Jan-12,1664.2
25-Jan-12,1699.8
26-Jan-12,1726.3
27-Jan-12,1731.8
30-Jan-12,1731
31-Jan-12,1737.8
01-Feb-12,1747.1
02-Feb-12,1756.8
03-Feb-12,1737.9
06-Feb-12,1722.8
07-Feb-12,1746.4
08-Feb-12,1729.3
09-Feb-12,1739
10-Feb-12,1723.3
13-Feb-12,1723
14-Feb-12,1715.9
15-Feb-12,1726.3
16-Feb-12,1726.8
17-Feb-12,1724.5
21-Feb-12,1757.1
22-Feb-12,1770
23-Feb-12,1784.9
24-Feb-12,1775.1
27-Feb-12,1773.6
28-Feb-12,1787
29-Feb-12,1709.9
01-Mar-12,1721.1
02-Mar-12,1708.8
05-Mar-12,1703
06-Mar-12,1671.4
07-Mar-12,1683.3
08-Mar-12,1698.1
09-Mar-12,1710.9
12-Mar-12,1699.2
13-Mar-12,1693.7
14-Mar-12,1642.5
15-Mar-12,1659.1
16-Mar-12,1655.5
19-Mar-12,1666.9
20-Mar-12,1646.7
21-Mar-12,1650
22-Mar-12,1642.3
23-Mar-12,1662.3
26-Mar-12,1685.5
27-Mar-12,1684.8
28-Mar-12,1657.9
29-Mar-12,1652.2
30-Mar-12,1669.3
02-Apr-12,1677.5
03-Apr-12,1670
04-Apr-12,1612.3
05-Apr-12,1628.5
09-Apr-12,1642.5
10-Apr-12,1659.5
11-Apr-12,1659
12-Apr-12,1679.5
13-Apr-12,1659.1
16-Apr-12,1648.7
17-Apr-12,1650.3
18-Apr-12,1638.8
19-Apr-12,1640.6
20-Apr-12,1642.1
23-Apr-12,1631.9
24-Apr-12,1643
25-Apr-12,1641.4
26-Apr-12,1659.6
27-Apr-12,1664
30-Apr-12,1663.4
01-May-12,1661.7
02-May-12,1653.4
03-May-12,1634.2
04-May-12,1644.7
07-May-12,1638.6
08-May-12,1604
09-May-12,1593.7
10-May-12,1595.1
11-May-12,1583.6
14-May-12,1560.6
15-May-12,1556.8
16-May-12,1536.2
17-May-12,1574.5
18-May-12,1591.6
21-May-12,1588.4
22-May-12,1576.3
23-May-12,1548.1
24-May-12,1557.3
25-May-12,1568.8
29-May-12,1548.6
30-May-12,1563.4
31-May-12,1562.6
01-Jun-12,1620.5
04-Jun-12,1612.2
05-Jun-12,1615.2
06-Jun-12,1632.8
07-Jun-12,1586.6
08-Jun-12,1590.1
11-Jun-12,1595.5
12-Jun-12,1612.7
13-Jun-12,1618.1
14-Jun-12,1618.4
15-Jun-12,1627
18-Jun-12,1625.7
19-Jun-12,1622.2
20-Jun-12,1614.8
21-Jun-12,1564.5
22-Jun-12,1566
25-Jun-12,1587.5
26-Jun-12,1574
27-Jun-12,1577.5
28-Jun-12,1549.7
29-Jun-12,1603.5
02-Jul-12,1597.2
03-Jul-12,1621.3
05-Jul-12,1608.9
06-Jul-12,1578.4
09-Jul-12,1588.6
10-Jul-12,1579.3
11-Jul-12,1575.2
12-Jul-12,1564.9
13-Jul-12,1591.6
16-Jul-12,1591.2
17-Jul-12,1589.1
18-Jul-12,1570.4
19-Jul-12,1580.1
20-Jul-12,1582.5
23-Jul-12,1577.1
24-Jul-12,1576
25-Jul-12,1608
26-Jul-12,1615
27-Jul-12,1617.9
30-Jul-12,1619.7
31-Jul-12,1610.5
01-Aug-12,1603.7
02-Aug-12,1587.4
03-Aug-12,1606
06-Aug-12,1612.9
07-Aug-12,1609.7
08-Aug-12,1612.9
09-Aug-12,1617.1
10-Aug-12,1619.7
13-Aug-12,1609.6
14-Aug-12,1599.4
15-Aug-12,1603.7
16-Aug-12,1616.1
17-Aug-12,1616.3
20-Aug-12,1620.1
21-Aug-12,1639.9
22-Aug-12,1637.4
23-Aug-12,1669.6
24-Aug-12,1669.8
27-Aug-12,1672.4
28-Aug-12,1666.5
29-Aug-12,1659.8
30-Aug-12,1653.5
31-Aug-12,1684.6
04-Sep-12,1692.9
05-Sep-12,1690.8
06-Sep-12,1702.6
07-Sep-12,1737.5
10-Sep-12,1728.7
11-Sep-12,1731.8
12-Sep-12,1730.6
13-Sep-12,1769.1
14-Sep-12,1769.8
17-Sep-12,1767.7
18-Sep-12,1768.4
19-Sep-12,1769
20-Sep-12,1767.7
21-Sep-12,1775.5
24-Sep-12,1762.1
25-Sep-12,1763.8
26-Sep-12,1750.6
27-Sep-12,1777.6
28-Sep-12,1771.1
01-Oct-12,1780.5
02-Oct-12,1772.7
03-Oct-12,1777.3
04-Oct-12,1794.1
05-Oct-12,1778.6
08-Oct-12,1773.5
09-Oct-12,1763
10-Oct-12,1763.2
11-Oct-12,1768.8
12-Oct-12,1758
15-Oct-12,1736
16-Oct-12,1744.7
17-Oct-12,1751.5
18-Oct-12,1743.3
19-Oct-12,1722.8
22-Oct-12,1725.1
23-Oct-12,1708.3
24-Oct-12,1700.5
25-Oct-12,1712
26-Oct-12,1710.9
29-Oct-12,1707.7
30-Oct-12,1710.5
31-Oct-12,1717.5
01-Nov-12,1714.1
02-Nov-12,1674.1
05-Nov-12,1682.2
06-Nov-12,1714.1
07-Nov-12,1713.2
08-Nov-12,1725.4
09-Nov-12,1730.3
12-Nov-12,1730.3
13-Nov-12,1724.2
14-Nov-12,1729.5
15-Nov-12,1713.3
16-Nov-12,1714.3
19-Nov-12,1734
20-Nov-12,1723.2
21-Nov-12,1727.9
23-Nov-12,1751.3
26-Nov-12,1749.5
27-Nov-12,1742.2
28-Nov-12,1716.5
29-Nov-12,1727.2
30-Nov-12,1710.9
03-Dec-12,1719.6
04-Dec-12,1694.4
05-Dec-12,1692.4
06-Dec-12,1700.3
07-Dec-12,1704
10-Dec-12,1713
11-Dec-12,1708.2
12-Dec-12,1716.6
13-Dec-12,1695.6
14-Dec-12,1695.8
17-Dec-12,1697
18-Dec-12,1669.5
19-Dec-12,1666.5
20-Dec-12,1644.9
21-Dec-12,1659.1
24-Dec-12,1658.6
26-Dec-12,1659.8
27-Dec-12,1662.6
28-Dec-12,1654.9
31-Dec-12,1674.8
02-Jan-13,1687.9
03-Jan-13,1673.7
04-Jan-13,1648.1
07-Jan-13,1645.5
08-Jan-13,1661.5
09-Jan-13,1654.8
10-Jan-13,1677.3
11-Jan-13,1660
14-Jan-13,1668.9
15-Jan-13,1683.4
16-Jan-13,1682.7
17-Jan-13,1690.4
18-Jan-13,1686.6
22-Jan-13,1692.8
23-Jan-13,1686.3
24-Jan-13,1669.5
25-Jan-13,1656.4
28-Jan-13,1652.4
29-Jan-13,1660.7
30-Jan-13,1679.9
31-Jan-13,1660.6
01-Feb-13,1669.4
04-Feb-13,1675.3
05-Feb-13,1672.4
06-Feb-13,1677.7
07-Feb-13,1670.4
08-Feb-13,1666
11-Feb-13,1648.2
12-Feb-13,1648.7
13-Feb-13,1644.2
14-Feb-13,1634.7
15-Feb-13,1608.8
19-Feb-13,1603.6
20-Feb-13,1577.6
21-Feb-13,1578.2
22-Feb-13,1572.4
25-Feb-13,1586.2
26-Feb-13,1615.2
27-Feb-13,1595.2
28-Feb-13,1577.7
01-Mar-13,1571.9
04-Mar-13,1572.1
05-Mar-13,1574.6
06-Mar-13,1574.6
07-Mar-13,1574.8
08-Mar-13,1576.6
11-Mar-13,1577.8
12-Mar-13,1591.5
13-Mar-13,1588.3
14-Mar-13,1590.6
15-Mar-13,1592.5
18-Mar-13,1604.6
19-Mar-13,1611.3
20-Mar-13,1607.5
21-Mar-13,1613.8
22-Mar-13,1606.2
25-Mar-13,1604.6
26-Mar-13,1595.8
27-Mar-13,1606.2
28-Mar-13,1594.8
01-Apr-13,1600
02-Apr-13,1575.1
03-Apr-13,1552.8
04-Apr-13,1551.8
05-Apr-13,1575.4
08-Apr-13,1572
09-Apr-13,1586.2
10-Apr-13,1558.3
11-Apr-13,1564.3
12-Apr-13,1501
15-Apr-13,1360.6
16-Apr-13,1386.8
17-Apr-13,1382.2
18-Apr-13,1392
19-Apr-13,1395.3
22-Apr-13,1421
23-Apr-13,1408.6
24-Apr-13,1423.4
25-Apr-13,1461.8
26-Apr-13,1453.6
29-Apr-13,1467.4
30-Apr-13,1472.2
01-May-13,1446.3
02-May-13,1467.7
03-May-13,1464.3
06-May-13,1468.1
07-May-13,1449
08-May-13,1473.9
09-May-13,1468.8
10-May-13,1436.8
13-May-13,1434.5
14-May-13,1424.7
15-May-13,1396.5
16-May-13,1387.1
17-May-13,1364.9
20-May-13,1384.3
21-May-13,1377.8
22-May-13,1367.6
23-May-13,1392
24-May-13,1386.8
27-May-13,1395.95
28-May-13,1379.1
29-May-13,1391.3
30-May-13,1411.5
31-May-13,1392.6
03-Jun-13,1411.7
04-Jun-13,1397.1
05-Jun-13,1398.4
06-Jun-13,1415.7
07-Jun-13,1383
10-Jun-13,1386.2
11-Jun-13,1377
12-Jun-13,1391.8
13-Jun-13,1377.6
14-Jun-13,1387.3
17-Jun-13,1382.8
18-Jun-13,1366.6
19-Jun-13,1373.6
20-Jun-13,1285.9
21-Jun-13,1291.6
24-Jun-13,1276.8
25-Jun-13,1274.8
26-Jun-13,1229.6
27-Jun-13,1211.4
28-Jun-13,1223.8
01-Jul-13,1255.9
02-Jul-13,1243.6
03-Jul-13,1252.1
04-Jul-13,1247.05
05-Jul-13,1212.9
08-Jul-13,1234.9
09-Jul-13,1245.9
10-Jul-13,1247.4
11-Jul-13,1280.1
12-Jul-13,1277.8
15-Jul-13,1283.8
16-Jul-13,1290.8
17-Jul-13,1277.9
18-Jul-13,1284.6
19-Jul-13,1293.3
22-Jul-13,1336.4
23-Jul-13,1335.1
24-Jul-13,1319.7
25-Jul-13,1329
26-Jul-13,1321.7
29-Jul-13,1328.4
30-Jul-13,1324
31-Jul-13,1312.4
01-Aug-13,1311
02-Aug-13,1310.6
05-Aug-13,1302.6
06-Aug-13,1283.2
07-Aug-13,1286.1
08-Aug-13,1310.7
09-Aug-13,1312.9
12-Aug-13,1334.7
13-Aug-13,1321.2
14-Aug-13,1334
15-Aug-13,1361.6
16-Aug-13,1371.7
19-Aug-13,1366.2
20-Aug-13,1373.1
21-Aug-13,1370.6
22-Aug-13,1371.2
23-Aug-13,1395.7
26-Aug-13,1393
27-Aug-13,1420.6
28-Aug-13,1419
29-Aug-13,1412.9
30-Aug-13,1396.1
02-Sep-13,1393.7
03-Sep-13,1412
04-Sep-13,1389.9
05-Sep-13,1373.1
06-Sep-13,1386.7
09-Sep-13,1386.8
10-Sep-13,1364.1
11-Sep-13,1363.9
12-Sep-13,1330.4
13-Sep-13,1308.4
16-Sep-13,1317.9
17-Sep-13,1309.5
18-Sep-13,1307.8
19-Sep-13,1369.4
20-Sep-13,1332.5
23-Sep-13,1326.9
24-Sep-13,1316
25-Sep-13,1335.9
26-Sep-13,1323.6
27-Sep-13,1338.4
30-Sep-13,1326.5
01-Oct-13,1286
02-Oct-13,1320.6
03-Oct-13,1317.4
04-Oct-13,1309.7
07-Oct-13,1324.8
08-Oct-13,1324.2
09-Oct-13,1306.9
10-Oct-13,1296.6
11-Oct-13,1268
14-Oct-13,1276.4
15-Oct-13,1273
16-Oct-13,1282
17-Oct-13,1322.7
18-Oct-13,1314.4
21-Oct-13,1315.7
22-Oct-13,1342.5
23-Oct-13,1333.9
24-Oct-13,1350.2
25-Oct-13,1352.4
28-Oct-13,1352
29-Oct-13,1345.2
30-Oct-13,1349
31-Oct-13,1323.6
01-Nov-13,1313.1
04-Nov-13,1314.6
05-Nov-13,1308
06-Nov-13,1317.7
07-Nov-13,1308.4
08-Nov-13,1284.5
11-Nov-13,1281
12-Nov-13,1271.1
13-Nov-13,1268.3
14-Nov-13,1286.2
15-Nov-13,1287.3
18-Nov-13,1272.2
19-Nov-13,1273.4
20-Nov-13,1257.9
21-Nov-13,1243.5
22-Nov-13,1244
25-Nov-13,1241.1
26-Nov-13,1241.4
27-Nov-13,1237.8
28-Nov-13,1243.8
29-Nov-13,1250.6
02-Dec-13,1222.3
03-Dec-13,1221.7
04-Dec-13,1248.2
05-Dec-13,1233.2
06-Dec-13,1230.3
09-Dec-13,1235.3
10-Dec-13,1262.4
11-Dec-13,1258.5
12-Dec-13,1226
13-Dec-13,1235.7
16-Dec-13,1245.5
17-Dec-13,1231.2
18-Dec-13,1236.1
19-Dec-13,1195
20-Dec-13,1205.1
23-Dec-13,1198.4
24-Dec-13,1205.1
26-Dec-13,1214.1
27-Dec-13,1216.1
30-Dec-13,1203.1
31-Dec-13,1201.9
01-Jan-14,1205.4
02-Jan-14,1225
03-Jan-14,1238.4
06-Jan-14,1237.8
07-Jan-14,1229.4
08-Jan-14,1225.3
09-Jan-14,1229.3
10-Jan-14,1246.7
13-Jan-14,1250.9
14-Jan-14,1245.2
15-Jan-14,1238.1
16-Jan-14,1240
17-Jan-14,1251.7
20-Jan-14,1255.1
21-Jan-14,1242.3
22-Jan-14,1239
23-Jan-14,1262.6
24-Jan-14,1264.5
27-Jan-14,1263.6
28-Jan-14,1251
29-Jan-14,1262.2
30-Jan-14,1242.2
31-Jan-14,1240.1
03-Feb-14,1260.4
04-Feb-14,1251.7
05-Feb-14,1257.3
06-Feb-14,1257.6
07-Feb-14,1263.3
10-Feb-14,1274.8
11-Feb-14,1290.1
12-Feb-14,1295.3
13-Feb-14,1300.4
14-Feb-14,1319
17-Feb-14,1328.5
18-Feb-14,1324.7
19-Feb-14,1320.6
20-Feb-14,1317.1
21-Feb-14,1323.9
24-Feb-14,1338.3
25-Feb-14,1343
26-Feb-14,1328.2
27-Feb-14,1331.6
28-Feb-14,1321.4
03-Mar-14,1350.1
04-Mar-14,1337.8
05-Mar-14,1340.2
06-Mar-14,1351.7
07-Mar-14,1338.1
10-Mar-14,1341.4
11-Mar-14,1346.5
12-Mar-14,1370.3
13-Mar-14,1372.2
14-Mar-14,1379
17-Mar-14,1372.9
18-Mar-14,1359
19-Mar-14,1341.4
20-Mar-14,1330.5
21-Mar-14,1336
24-Mar-14,1311.2
25-Mar-14,1311.4
26-Mar-14,1303.4
27-Mar-14,1294.7
28-Mar-14,1293.8
31-Mar-14,1283.4
01-Apr-14,1279.6
02-Apr-14,1290.5
03-Apr-14,1284.4
04-Apr-14,1303.2
07-Apr-14,1298
08-Apr-14,1308.7
09-Apr-14,1305.5
10-Apr-14,1320.1
11-Apr-14,1318.7
14-Apr-14,1327.2
15-Apr-14,1300
16-Apr-14,1303.1
17-Apr-14,1293.4
21-Apr-14,1288
22-Apr-14,1280.6
23-Apr-14,1284.2
24-Apr-14,1290.5
25-Apr-14,1300.7
28-Apr-14,1298.9
29-Apr-14,1296
30-Apr-14,1295.6
01-May-14,1283.1
02-May-14,1302.6
05-May-14,1309
06-May-14,1308.3
07-May-14,1288.6
08-May-14,1287.4
09-May-14,1287.3
12-May-14,1295.6
13-May-14,1294.6
14-May-14,1305.7
15-May-14,1293.5
16-May-14,1293.3
19-May-14,1293.7
20-May-14,1294.5
21-May-14,1288
22-May-14,1294.9
23-May-14,1291.6
25-May-14,1291.7
26-May-14,1292.5
27-May-14,1265.4
28-May-14,1259.3
29-May-14,1256.3
30-May-14,1245.6
02-Jun-14,1243.7
03-Jun-14,1244.3
04-Jun-14,1244
05-Jun-14,1253
06-Jun-14,1252.1
09-Jun-14,1253.5
10-Jun-14,1259.8
11-Jun-14,1260.8
12-Jun-14,1273.6
13-Jun-14,1273.7
16-Jun-14,1274.9
17-Jun-14,1271.7
18-Jun-14,1272.4
19-Jun-14,1313.7
20-Jun-14,1316.2
23-Jun-14,1318
24-Jun-14,1320.9
25-Jun-14,1322.2
26-Jun-14,1316.1
27-Jun-14,1319
30-Jun-14,1475.1
01-Jul-14,1480.2
02-Jul-14,1484.8
03-Jul-14,1475.6
04-Jul-14,1321.3
07-Jul-14,1472
08-Jul-14,1471.4
09-Jul-14,1479.7
10-Jul-14,1494.7
11-Jul-14,1492.9
14-Jul-14,1460.7
15-Jul-14,1451.3
16-Jul-14,1454.9
17-Jul-14,1472.1
18-Jul-14,1464.7
21-Jul-14,1469.6
22-Jul-14,1461.6
23-Jul-14,1460.3
24-Jul-14,1447.3
25-Jul-14,1460.3
28-Jul-14,1462
29-Jul-14,1456.7
30-Jul-14,1456.1
31-Jul-14,1441.5
01-Aug-14,1451.1
04-Aug-14,1441.9
05-Aug-14,1439
06-Aug-14,1462.7
07-Aug-14,1467.3
08-Aug-14,1465.9
11-Aug-14,1465.5
12-Aug-14,1465.3
13-Aug-14,1467.9
14-Aug-14,1469.1
15-Aug-14,1459.4
18-Aug-14,1452.8
19-Aug-14,1449
20-Aug-14,1449
21-Aug-14,1429.2
22-Aug-14,1434.1
25-Aug-14,1433.1
26-Aug-14,1439.3
27-Aug-14,1436.9
28-Aug-14,1443.8
29-Aug-14,1440.6
31-Aug-14,1287.7
01-Sep-14,1287.4
02-Sep-14,1419
03-Sep-14,1425.5
04-Sep-14,1422.3
05-Sep-14,1423.2
08-Sep-14,1410.2
09-Sep-14,1404.6
10-Sep-14,1402
11-Sep-14,1395.4
12-Sep-14,1387.8
15-Sep-14,1391.3
16-Sep-14,1393
17-Sep-14,1392
18-Sep-14,1383.4
19-Sep-14,1373.1
22-Sep-14,1374.2
23-Sep-14,1377.2
24-Sep-14,1374.9
25-Sep-14,1376.4
26-Sep-14,1370.4
29-Sep-14,1373.7
30-Sep-14,1366.7
01-Oct-14,1370.2
02-Oct-14,1368.1
03-Oct-14,1346.9
06-Oct-14,1360.7
07-Oct-14,1363.6
08-Oct-14,1344.2
09-Oct-14,1358.8
10-Oct-14,1353.7
13-Oct-14,1229.3
14-Oct-14,1359.3
15-Oct-14,1361.3
16-Oct-14,1357.5
17-Oct-14,1358.5
20-Oct-14,1364.3
21-Oct-14,1371.8
22-Oct-14,1366.6
23-Oct-14,1352.1
24-Oct-14,1355
27-Oct-14,1352.4
28-Oct-14,1352.6
29-Oct-14,1349.2
30-Oct-14,1322.9
31-Oct-14,1295.9
03-Nov-14,1294.4
04-Nov-14,1290.3
05-Nov-14,1268.1
06-Nov-14,1264.4
07-Nov-14,1291
10-Nov-14,1281.3
11-Nov-14,1285.1
12-Nov-14,1280.4
13-Nov-14,1281.4
14-Nov-14,1305.6
17-Nov-14,1303.7
18-Nov-14,1315.5
19-Nov-14,1313.4
20-Nov-14,1308.9
21-Nov-14,1315.9
24-Nov-14,1314.2
25-Nov-14,1315.2
26-Nov-14,1314.5
27-Nov-14,1188.8
28-Nov-14,1291.2
01-Dec-14,1332.5
02-Dec-14,1314.7
03-Dec-14,1325.8
04-Dec-14,1324.2
05-Dec-14,1310.8
08-Dec-14,1314.4
09-Dec-14,1350.2
10-Dec-14,1345.5
11-Dec-14,1342.3
12-Dec-14,1333.5
15-Dec-14,1317.7
16-Dec-14,1302
17-Dec-14,1302.3
18-Dec-14,1303.9
19-Dec-14,1305.6
22-Dec-14,1289.7
23-Dec-14,1289.7
24-Dec-14,1285.6
25-Dec-14,1177
26-Dec-14,1307.7
29-Dec-14,1292.9
30-Dec-14,1311.9
31-Dec-14,1335.4
01-Jan-15,1186.8
02-Jan-15,1337.7
05-Jan-15,1353.5
06-Jan-15,1362.2
07-Jan-15,1353.6
08-Jan-15,1351.6
09-Jan-15,1357.4
12-Jan-15,1373.2
13-Jan-15,1374.5
14-Jan-15,1364.5
15-Jan-15,1392.8
16-Jan-15,1404.9
18-Jan-15,1279
19-Jan-15,1275.9
20-Jan-15,1412.4
21-Jan-15,1413.4
22-Jan-15,1425.2
23-Jan-15,1417.6
26-Jan-15,1405.6
27-Jan-15,1414.7
28-Jan-15,1402.2
29-Jan-15,1363.8
30-Jan-15,1384.6
02-Feb-15,1382.4
03-Feb-15,1367.3
04-Feb-15,1373.4
05-Feb-15,1354.9
06-Feb-15,1332.6
09-Feb-15,1339.9
10-Feb-15,1331.2
11-Feb-15,1319.2
12-Feb-15,1318.7
13-Feb-15,1325.2
15-Feb-15,1228.8
16-Feb-15,1231.7
17-Feb-15,1309.9
18-Feb-15,1301.5
19-Feb-15,1306.9
20-Feb-15,1303.2
23-Feb-15,1298.7
24-Feb-15,1293.1
25-Feb-15,1296
26-Feb-15,1306.1
27-Feb-15,1309.4
02-Mar-15,1305.8
03-Mar-15,1304.2
04-Mar-15,1300.6
05-Mar-15,1296.1
06-Mar-15,1265.6
09-Mar-15,1268
10-Mar-15,1258.1
11-Mar-15,1248.4
12-Mar-15,1249
13-Mar-15,1248.9
16-Mar-15,1249.3
17-Mar-15,1244.5
18-Mar-15,1247.5
19-Mar-15,1259.5
20-Mar-15,1274.7
23-Mar-15,1277.5
24-Mar-15,1281.2
25-Mar-15,1287.3
26-Mar-15,1297
27-Mar-15,1291.9
30-Mar-15,1276.4
31-Mar-15,1272.2
01-Apr-15,1294.2
02-Apr-15,1288.2
03-Apr-15,1288.2
06-Apr-15,1305.4
07-Apr-15,1298.4
08-Apr-15,1291.1
09-Apr-15,1281.6
10-Apr-15,1293.3
13-Apr-15,1287.8
14-Apr-15,1278.1
15-Apr-15,1286.5
16-Apr-15,1283
17-Apr-15,1288.1
20-Apr-15,1279.3
21-Apr-15,1289.1
22-Apr-15,1274.7
23-Apr-15,1282
24-Apr-15,1260.4
27-Apr-15,1289.2
28-Apr-15,1301.4
29-Apr-15,1300
30-Apr-15,1273
01-May-15,1266.1
04-May-15,1279
05-May-15,1288.2
06-May-15,1286.7
07-May-15,1278.5
08-May-15,1282.5
11-May-15,1277.3
12-May-15,1287
13-May-15,1312.2
14-May-15,1319
15-May-15,1318.9
18-May-15,1321.2
19-May-15,1301.4
20-May-15,1303.5
21-May-15,1298.1
22-May-15,1299.7
24-May-15,1204.4
25-May-15,1207.4
26-May-15,1282.2
27-May-15,1278.6
28-May-15,1280.5
29-May-15,1280.7
01-Jun-15,1280.4
02-Jun-15,1287.8
03-Jun-15,1279.9
04-Jun-15,1270.1
05-Jun-15,1266.6
08-Jun-15,1272
09-Jun-15,1276.8
10-Jun-15,1288.6
11-Jun-15,1282.6
12-Jun-15,1281
15-Jun-15,1285.8
16-Jun-15,1279.4
17-Jun-15,1276.9
18-Jun-15,1300.8
19-Jun-15,1299.4
22-Jun-15,1282.1
23-Jun-15,1274.8
24-Jun-15,1271
25-Jun-15,1270.3
26-Jun-15,1273.1
29-Jun-15,1278
30-Jun-15,1270.8
01-Jul-15,1268.5
02-Jul-15,1261.5
03-Jul-15,1167.8
06-Jul-15,1270.6
07-Jul-15,1249.5
08-Jul-15,1258.6
09-Jul-15,1255.1
10-Jul-15,1256.6
13-Jul-15,1255
14-Jul-15,1252.4
15-Jul-15,1246.3
16-Jul-15,1243.2
17-Jul-15,1230.7
20-Jul-15,1205.5
21-Jul-15,1199.5
22-Jul-15,1187.6
23-Jul-15,1190.1
24-Jul-15,1180
27-Jul-15,1190.6
28-Jul-15,1190.6
29-Jul-15,1187.5
30-Jul-15,1183.4
31-Jul-15,1183.1
03-Aug-15,1176.8
04-Aug-15,1178.7
05-Aug-15,1177.1
06-Aug-15,1181.6
07-Aug-15,1185.8
10-Aug-15,1195.8
11-Aug-15,1197.7
12-Aug-15,1213
13-Aug-15,1205.1
14-Aug-15,1202.3
17-Aug-15,1207.9
18-Aug-15,1206.3
19-Aug-15,1217.1
20-Aug-15,1242.2
21-Aug-15,1246.8
24-Aug-15,1238.9
25-Aug-15,1223.7
26-Aug-15,1209
27-Aug-15,1207.2
28-Aug-15,1218.4
31-Aug-15,1216.9
01-Sep-15,1221.3
02-Sep-15,1214.4
03-Sep-15,1203.5
04-Sep-15,1200.5
06-Sep-15,1119.9
07-Sep-15,1119.9
08-Sep-15,1199.9
09-Sep-15,1180.7
10-Sep-15,1187.9
11-Sep-15,1181.9
14-Sep-15,1185.7
15-Sep-15,1180.5
16-Sep-15,1196.3
17-Sep-15,1194.9
18-Sep-15,1214.1
21-Sep-15,1209.4
22-Sep-15,1199.6
23-Sep-15,1206.3
24-Sep-15,1226.9
25-Sep-15,1218.8
28-Sep-15,1204.4
29-Sep-15,1199.1
30-Sep-15,1183.6
01-Oct-15,1182.1
02-Oct-15,1204.2
05-Oct-15,1203.5
06-Oct-15,1211.3
07-Oct-15,1214
08-Oct-15,1209.9
09-Oct-15,1222.4
12-Oct-15,1231.1
13-Oct-15,1231.7
14-Oct-15,1243.6
15-Oct-15,1251.4
16-Oct-15,1246.6
19-Oct-15,1236.3
20-Oct-15,1240.9
21-Oct-15,1229.7
22-Oct-15,1228.2
23-Oct-15,1218.7
26-Oct-15,1220.3
27-Oct-15,1218.2
28-Oct-15,1229.3
29-Oct-15,1201.8
30-Oct-15,1195.2
02-Nov-15,1190.4
03-Nov-15,1168.6
04-Nov-15,1161.2
05-Nov-15,1160.1
06-Nov-15,1147.9
09-Nov-15,1149.2
10-Nov-15,1149.4
11-Nov-15,1145.4
12-Nov-15,1141.3
13-Nov-15,1141.3
16-Nov-15,1142.5
17-Nov-15,1126.9
18-Nov-15,1126.9
19-Nov-15,1135.6
20-Nov-15,1133.8
23-Nov-15,1124.7
24-Nov-15,1131.6
25-Nov-15,1128.4
26-Nov-15,1070.8
27-Nov-15,1114.5
30-Nov-15,1123.9
01-Dec-15,1122
02-Dec-15,1112.4
03-Dec-15,1120.6
04-Dec-15,1143.2
07-Dec-15,1134.3
08-Dec-15,1134
09-Dec-15,1134.9
10-Dec-15,1130.3
11-Dec-15,1133.8
14-Dec-15,1121.4
15-Dec-15,1119.8
16-Dec-15,1135.3
17-Dec-15,1108.1
18-Dec-15,1123.3
21-Dec-15,1140.5
22-Dec-15,1134
23-Dec-15,1128.2
24-Dec-15,1135.9
28-Dec-15,1128.1
29-Dec-15,1128.6
30-Dec-15,1120.8
31-Dec-15,1121
04-Jan-16,1135.5
05-Jan-16,1138.4
06-Jan-16,1151.9
07-Jan-16,1162.7
08-Jan-16,1151.7
11-Jan-16,1148.5
12-Jan-16,1137.1
13-Jan-16,1137.4
14-Jan-16,1123
15-Jan-16,1137.5
17-Jan-16,1090.3
18-Jan-16,1088.5
19-Jan-16,1135.8
20-Jan-16,1151.7
21-Jan-16,1143.6
22-Jan-16,1142.6
25-Jan-16,1152.4
26-Jan-16,1167.3
27-Jan-16,1163.9
28-Jan-16,1163.7
29-Jan-16,1161.9
01-Feb-16,1173.5
02-Feb-16,1170.1
03-Feb-16,1183.3
04-Feb-16,1197.7
05-Feb-16,1198
08-Feb-16,1238.2
09-Feb-16,1236.9
10-Feb-16,1232.6
11-Feb-16,1282.1
12-Feb-16,1271.2
14-Feb-16,1233.6
15-Feb-16,1208.1
16-Feb-16,1241.1
17-Feb-16,1247.2
18-Feb-16,1262.5
19-Feb-16,1267.4
22-Feb-16,1246.7
23-Feb-16,1261.4
24-Feb-16,1277.1
25-Feb-16,1277
26-Feb-16,1258.8
29-Feb-16,1273.3
01-Mar-16,1271.2
02-Mar-16,1283
03-Mar-16,1300.7
04-Mar-16,1315.6
07-Mar-16,1310.3
08-Mar-16,1309
09-Mar-16,1303.4
10-Mar-16,1320.1
11-Mar-16,1308.6
14-Mar-16,1294.4
15-Mar-16,1280.2
16-Mar-16,1280.9
17-Mar-16,1314.1
18-Mar-16,1302
21-Mar-16,1292.7
22-Mar-16,1298.8
23-Mar-16,1274
24-Mar-16,1272.4
25-Mar-16,1216.7
28-Mar-16,1270.7
29-Mar-16,1286.3
30-Mar-16,1276.9
31-Mar-16,1280.9
01-Apr-16,1268.9
04-Apr-16,1264.7
05-Apr-16,1274.5
06-Apr-16,1268.8
07-Apr-16,1282.3
08-Apr-16,1287.3
11-Apr-16,1302.4
12-Apr-16,1306.4
13-Apr-16,1293.9
14-Apr-16,1272.1
15-Apr-16,1279.7
18-Apr-16,1280.3
19-Apr-16,1300.8
20-Apr-16,1302.3
21-Apr-16,1299.5
22-Apr-16,1278.8
25-Apr-16,1289.1
26-Apr-16,1292.4
27-Apr-16,1299.8
28-Apr-16,1316.8
29-Apr-16,1341.4
02-May-16,1347.3
03-May-16,1342.8
04-May-16,1324.3
05-May-16,1317.8
06-May-16,1340.1
09-May-16,1312.9
10-May-16,1311.3
11-May-16,1322.6
12-May-16,1317.7
13-May-16,1319.5
16-May-16,1321.8
17-May-16,1324.9
18-May-16,1324.3
19-May-16,1305.9
20-May-16,1305.9
23-May-16,1304.9
24-May-16,1282.7
25-May-16,1277.4
26-May-16,1273.6
27-May-16,1267.6
30-May-16,1212.15
31-May-16,1269.3
01-Jun-16,1267.2
02-Jun-16,1264.9
03-Jun-16,1294.6
06-Jun-16,1299.4
07-Jun-16,1298.8
08-Jun-16,1314
09-Jun-16,1324.4
10-Jun-16,1327.7
13-Jun-16,1337.7
14-Jun-16,1335.2
15-Jun-16,1335
16-Jun-16,1345.6
17-Jun-16,1342.9
20-Jun-16,1344.2
21-Jun-16,1324.6
22-Jun-16,1322.1
23-Jun-16,1317.7
24-Jun-16,1376.8
27-Jun-16,1378.8
28-Jun-16,1372.2
29-Jun-16,1381.4
30-Jun-16,1375
01-Jul-16,1394.3
03-Jul-16,1345.5
04-Jul-16,1352
05-Jul-16,1414.4
06-Jul-16,1422.8
07-Jul-16,1415
08-Jul-16,1412
11-Jul-16,1411.3
12-Jul-16,1390.7
13-Jul-16,1399
14-Jul-16,1387.7
15-Jul-16,1383.5
18-Jul-16,1385.4
19-Jul-16,1392.3
20-Jul-16,1379.7
21-Jul-16,1392.2
22-Jul-16,1385.5
25-Jul-16,1381.3
26-Jul-16,1382.6
27-Jul-16,1392
28-Jul-16,1398.8
29-Jul-16,1415.7
01-Aug-16,1416.2
02-Aug-16,1429.4
03-Aug-16,1423.9
04-Aug-16,1427.9
05-Aug-16,1407.9
08-Aug-16,1405.3
09-Aug-16,1410.6
10-Aug-16,1415.6
11-Aug-16,1414
12-Aug-16,1406.8
15-Aug-16,1410.6
16-Aug-16,1419
17-Aug-16,1410.6
18-Aug-16,1419.1
19-Aug-16,1408
22-Aug-16,1405.2
23-Aug-16,1407.8
24-Aug-16,1390.4
25-Aug-16,1384
26-Aug-16,1383.2
29-Aug-16,1384.4
30-Aug-16,1374.5
31-Aug-16,1367.9
01-Sep-16,1372.6
02-Sep-16,1385.3
04-Sep-16,1326.25
05-Sep-16,1331.1
06-Sep-16,1411.1
07-Sep-16,1407.1
08-Sep-16,1400.2
09-Sep-16,1393.1
12-Sep-16,1384.4
13-Sep-16,1380.8
14-Sep-16,1383.3
15-Sep-16,1374.9
16-Sep-16,1367.1
19-Sep-16,1374.4
20-Sep-16,1374.7
21-Sep-16,1388.3
22-Sep-16,1399.2
23-Sep-16,1396
26-Sep-16,1398.6
27-Sep-16,1384.4
28-Sep-16,1376.7
29-Sep-16,1379.1
30-Sep-16,1370.4
03-Oct-16,1365.9
04-Oct-16,1322.1
05-Oct-16,1321.3
06-Oct-16,1305.5
07-Oct-16,1304.5
10-Oct-16,1313.9
11-Oct-16,1309.5
12-Oct-16,1307.7
13-Oct-16,1312.3
14-Oct-16,1310.4
17-Oct-16,1311.8
18-Oct-16,1318.6
19-Oct-16,1325.2
20-Oct-16,1323.5
21-Oct-16,1323
24-Oct-16,1317.2
25-Oct-16,1331.6
26-Oct-16,1324.6
27-Oct-16,1330
28-Oct-16,1337.1
31-Oct-16,1333.7
01-Nov-16,1348
02-Nov-16,1368
03-Nov-16,1363.8
04-Nov-16,1365.7
07-Nov-16,1340.4
08-Nov-16,1336.2
09-Nov-16,1335.7
10-Nov-16,1326.6
11-Nov-16,1282.7
14-Nov-16,1286.9
15-Nov-16,1290.9
16-Nov-16,1290.3
17-Nov-16,1283.8
18-Nov-16,1276.4
21-Nov-16,1276.8
22-Nov-16,1278
23-Nov-16,1256.9
24-Nov-16,1185.55
25-Nov-16,1245.5
28-Nov-16,1258.6
29-Nov-16,1255.5
30-Nov-16,1238.4
01-Dec-16,1233.7
02-Dec-16,1242.4
05-Dec-16,1241.7
06-Dec-16,1235
07-Dec-16,1250.6
08-Dec-16,1246.4
09-Dec-16,1236
12-Dec-16,1240.3
13-Dec-16,1233.6
14-Dec-16,1238.3
15-Dec-16,1213.1
16-Dec-16,1220.9
19-Dec-16,1225.9
20-Dec-16,1217
21-Dec-16,1216.5
22-Dec-16,1213.8
23-Dec-16,1216.8
25-Dec-16,1135
26-Dec-16,1134.55
27-Dec-16,1221.9
28-Dec-16,1224
29-Dec-16,1241.2
30-Dec-16,1234.5
02-Jan-17,1151.05
03-Jan-17,1244.7
04-Jan-17,1247.1
05-Jan-17,1262.1
06-Jan-17,1255.7
09-Jan-17,1267.6
10-Jan-17,1268.5
11-Jan-17,1280
12-Jan-17,1283.3
13-Jan-17,1281.3
15-Jan-17,1203.35
16-Jan-17,1202.85
17-Jan-17,1297.4
18-Jan-17,1295.7
19-Jan-17,1285.5
20-Jan-17,1289.2
23-Jan-17,1298.9
24-Jan-17,1294.1
25-Jan-17,1281.1
26-Jan-17,1272.9
27-Jan-17,1271.7
30-Jan-17,1276.4
31-Jan-17,1291.8
01-Feb-17,1289.5
02-Feb-17,1300.6
03-Feb-17,1302.2
06-Feb-17,1313.3
07-Feb-17,1316.4
08-Feb-17,1318.3
09-Feb-17,1315.4
10-Feb-17,1314.5
13-Feb-17,1304.9
14-Feb-17,1304.9
15-Feb-17,1314.2
16-Feb-17,1322.7
17-Feb-17,1319.4
19-Feb-17,1237.3
20-Feb-17,1238.2
21-Feb-17,1319.2
22-Feb-17,1313.3
23-Feb-17,1331.7
24-Feb-17,1338.4
27-Feb-17,1339.1
28-Feb-17,1334.3
01-Mar-17,1331.1
02-Mar-17,1313.9
03-Mar-17,1308.8
06-Mar-17,1307.3
07-Mar-17,1297.7
08-Mar-17,1291.9
09-Mar-17,1285.7
10-Mar-17,1284
13-Mar-17,1286.6
14-Mar-17,1286.3
15-Mar-17,1284.3
16-Mar-17,1310.7
17-Mar-17,1313.6
20-Mar-17,1317.2
21-Mar-17,1329
22-Mar-17,1331.5
23-Mar-17,1328.5
24-Mar-17,1330.4
27-Mar-17,1337.4
28-Mar-17,1337.5
29-Mar-17,1335.5
30-Mar-17,1326.7
31-Mar-17,1329.8
03-Apr-17,1332.7
04-Apr-17,1336.8
05-Apr-17,1327.5
06-Apr-17,1332.4
07-Apr-17,1336.8
10-Apr-17,1333.3
11-Apr-17,1353.4
12-Apr-17,1357.3
13-Apr-17,1366.7
14-Apr-17,1289.65
17-Apr-17,1369.8
18-Apr-17,1370.9
19-Apr-17,1360.5
20-Apr-17,1361.7
21-Apr-17,1367
24-Apr-17,1355.8
25-Apr-17,1346
26-Apr-17,1343
27-Apr-17,1344.7
28-Apr-17,1347.1
01-May-17,1334.6
02-May-17,1336.1
03-May-17,1327.6
04-May-17,1307.4
05-May-17,1305.8
08-May-17,1306.1
09-May-17,1295.1
10-May-17,1297.6
11-May-17,1302.9
12-May-17,1305.7
15-May-17,1308
16-May-17,1314.4
17-May-17,1336.2
18-May-17,1329.2
19-May-17,1329.9
22-May-17,1338
23-May-17,1332.1
24-May-17,1329.7
25-May-17,1333.3
26-May-17,1344.8
28-May-17,1268.22
29-May-17,1266.69
30-May-17,1339.1
31-May-17,1348.5
01-Jun-17,1343.2
02-Jun-17,1353.1
05-Jun-17,1355.6
06-Jun-17,1370
07-Jun-17,1365.6
08-Jun-17,1351.9
09-Jun-17,1343.9
12-Jun-17,1341.5
13-Jun-17,1341.2
14-Jun-17,1348.2
15-Jun-17,1326.8
16-Jun-17,1328.5
19-Jun-17,1318.8
20-Jun-17,1315.2
21-Jun-17,1317.1
22-Jun-17,1320.4
23-Jun-17,1327.7
26-Jun-17,1317.7
27-Jun-17,1318.4
28-Jun-17,1320.8
29-Jun-17,1317.7
30-Jun-17,1314
03-Jul-17,1290.9
04-Jul-17,1227.55
05-Jul-17,1293.9
06-Jul-17,1296.7
07-Jul-17,1282.4
10-Jul-17,1286
11-Jul-17,1287.7
12-Jul-17,1291.2
13-Jul-17,1288.5
14-Jul-17,1298.8
17-Jul-17,1305.4
18-Jul-17,1313.5
19-Jul-17,1313.7
20-Jul-17,1317.1
21-Jul-17,1325.9
24-Jul-17,1325.4
25-Jul-17,1323.2
26-Jul-17,1322.4
27-Jul-17,1333.7
28-Jul-17,1342.6
31-Jul-17,1340.7
01-Aug-17,1346.3
02-Aug-17,1345.5
03-Aug-17,1341.6
04-Aug-17,1331.7
07-Aug-17,1332
08-Aug-17,1330.4
09-Aug-17,1347
10-Aug-17,1357.8
11-Aug-17,1361.4
14-Aug-17,1358.1
15-Aug-17,1347.5
16-Aug-17,1350.8
17-Aug-17,1359.9
18-Aug-17,1358.8
21-Aug-17,1364.1
22-Aug-17,1358.6
23-Aug-17,1361.7
24-Aug-17,1358.9
25-Aug-17,1364.8
28-Aug-17,1382.6
29-Aug-17,1385.7
30-Aug-17,1380.9
31-Aug-17,1388.5
01-Sep-17,1397.1
03-Sep-17,1341.22
04-Sep-17,1338.08
05-Sep-17,1411.2
06-Sep-17,1405.9
07-Sep-17,1418
08-Sep-17,1419.3
11-Sep-17,1404.1
12-Sep-17,1401.8
13-Sep-17,1396.7
14-Sep-17,1399.2
15-Sep-17,1395.1
18-Sep-17,1380.3
19-Sep-17,1382.6
20-Sep-17,1388.3
21-Sep-17,1366.7
22-Sep-17,1369.4
25-Sep-17,1383.5
26-Sep-17,1374.1
27-Sep-17,1360.7
28-Sep-17,1361.3
29-Sep-17,1357.6
02-Oct-17,1350.1
03-Oct-17,1348.8
04-Oct-17,1351
05-Oct-17,1348.3
06-Oct-17,1350
09-Oct-17,1360.4
10-Oct-17,1369.4
11-Oct-17,1364.5
12-Oct-17,1372.3
13-Oct-17,1380.4
16-Oct-17,1379.7
17-Oct-17,1362.5
18-Oct-17,1359.3
19-Oct-17,1365.9
20-Oct-17,1356.2
23-Oct-17,1356.9
24-Oct-17,1354.2
25-Oct-17,1355.5
26-Oct-17,1346.5
27-Oct-17,1349.1
30-Oct-17,1354.9
31-Oct-17,1347.7
01-Nov-17,1354.6
02-Nov-17,1355.4
03-Nov-17,1346.9
06-Nov-17,1359.7
07-Nov-17,1353.9
08-Nov-17,1362.3
09-Nov-17,1366.8
10-Nov-17,1354.5
13-Nov-17,1360.4
14-Nov-17,1364.2
15-Nov-17,1358.7
16-Nov-17,1359.4
17-Nov-17,1378
20-Nov-17,1357.6
21-Nov-17,1364.8
22-Nov-17,1376.4
23-Nov-17,1291.66
24-Nov-17,1371.6
27-Nov-17,1378.7
28-Nov-17,1379
29-Nov-17,1366.4
30-Nov-17,1357.3
01-Dec-17,1362.8
04-Dec-17,1358
05-Dec-17,1345.1
06-Dec-17,1346.2
07-Dec-17,1333
08-Dec-17,1328.1
11-Dec-17,1326.8
12-Dec-17,1321.9
13-Dec-17,1328.7
14-Dec-17,1337.2
15-Dec-17,1337.4
18-Dec-17,1345.6
19-Dec-17,1344.8
20-Dec-17,1350.4
21-Dec-17,1351.3
22-Dec-17,1359.8
25-Dec-17,1277.9
26-Dec-17,1368.5
27-Dec-17,1372.3
28-Dec-17,1379.4
29-Dec-17,1391.9
01-Jan-18,1308.7
02-Jan-18,1400.1
03-Jan-18,1404
04-Jan-18,1407.3
05-Jan-18,1408.3
08-Jan-18,1407.4
09-Jan-18,1401.3
10-Jan-18,1408.3
11-Jan-18,1411.4
12-Jan-18,1425.7
14-Jan-18,1337.4
15-Jan-18,1341.8
16-Jan-18,1428.1
17-Jan-18,1431
18-Jan-18,1419
19-Jan-18,1425.9
22-Jan-18,1429.6
23-Jan-18,1434.2
24-Jan-18,1456.3
25-Jan-18,1463.1
26-Jan-18,1453.7
29-Jan-18,1441.3
30-Jan-18,1436.2
31-Jan-18,1439.4
01-Feb-18,1445.1
02-Feb-18,1434.6
05-Feb-18,1432.9
06-Feb-18,1425.4
07-Feb-18,1410.7
08-Feb-18,1414.8
09-Feb-18,1410.1
12-Feb-18,1420.9
13-Feb-18,1424.8
14-Feb-18,1452.9
15-Feb-18,1451.5
16-Feb-18,1452.8
18-Feb-18,1350.5
19-Feb-18,1347.8
20-Feb-18,1428.4
21-Feb-18,1430.6
22-Feb-18,1431.4
23-Feb-18,1429
26-Feb-18,1433.1
27-Feb-18,1419.6
28-Feb-18,1419.2
01-Mar-18,1406
02-Mar-18,1424.2
05-Mar-18,1420.5
06-Mar-18,1435.9
07-Mar-18,1427.9
08-Mar-18,1423.7
09-Mar-18,1428
12-Mar-18,1424.8
13-Mar-18,1431.4
14-Mar-18,1429.7
15-Mar-18,1421.7
16-Mar-18,1416.3
19-Mar-18,1421.7
20-Mar-18,1416.2
21-Mar-18,1426.6
22-Mar-18,1432.2
23-Mar-18,1455
26-Mar-18,1461
27-Mar-18,1447.8
28-Mar-18,1428.9
29-Mar-18,1426
02-Apr-18,1445.8
03-Apr-18,1436.5
04-Apr-18,1439.7
05-Apr-18,1428.1
06-Apr-18,1435.9
09-Apr-18,1439.6
10-Apr-18,1445.5
11-Apr-18,1460
12-Apr-18,1441.4
13-Apr-18,1447.9
16-Apr-18,1450.6
17-Apr-18,1449.3
18-Apr-18,1453.5
19-Apr-18,1448.8
20-Apr-18,1438.2
23-Apr-18,1424
24-Apr-18,1433.1
25-Apr-18,1422.9
26-Apr-18,1418
27-Apr-18,1423.6
30-Apr-18,1419.1
01-May-18,1406.4
02-May-18,1405.3
03-May-18,1412.4
04-May-18,1414.7
07-May-18,1414.2
08-May-18,1413.8
09-May-18,1413
10-May-18,1422.1
11-May-18,1420.4
14-May-18,1417.9
15-May-18,1389.8
16-May-18,1392.1
17-May-18,1390
18-May-18,1391.3
21-May-18,1391.1
22-May-18,1392.1
23-May-18,1389.2
24-May-18,1404.2
25-May-18,1403.2
27-May-18,1298.3
28-May-18,1297.6
29-May-18,1393.7
30-May-18,1396.7
31-May-18,1395
01-Jun-18,1390.1
04-Jun-18,1389.5
05-Jun-18,1394.5
06-Jun-18,1393.9
07-Jun-18,1394.8
08-Jun-18,1394.8
11-Jun-18,1395.9
12-Jun-18,1392.2
13-Jun-18,1393.9
14-Jun-18,1401
15-Jun-18,1369.7
18-Jun-18,1371.5
19-Jun-18,1369.6
20-Jun-18,1365.7
21-Jun-18,1361.4
22-Jun-18,1361.7
25-Jun-18,1359.6
26-Jun-18,1350
27-Jun-18,1345.5
28-Jun-18,1340
29-Jun-18,1343.7
02-Jul-18,1329.7
03-Jul-18,1342.2
04-Jul-18,1258.1
05-Jul-18,1347.4
06-Jul-18,1344.6
09-Jul-18,1348.8
10-Jul-18,1344.9
11-Jul-18,1333.1
12-Jul-18,1335.2
13-Jul-18,1329
16-Jul-18,1327.5
17-Jul-18,1314.6
18-Jul-18,1315
19-Jul-18,1310.4
20-Jul-18,1316.8
23-Jul-18,1310.7
24-Jul-18,1310.8
25-Jul-18,1316.7
26-Jul-18,1311.5
27-Jul-18,1309
30-Jul-18,1307.7
31-Jul-18,1309.8
01-Aug-18,1304
02-Aug-18,1296.2
03-Aug-18,1299.4
06-Aug-18,1293.6
07-Aug-18,1294.2
08-Aug-18,1296.8
09-Aug-18,1295.8
10-Aug-18,1294.6
13-Aug-18,1274.1
14-Aug-18,1275.9
15-Aug-18,1259.7
16-Aug-18,1258
17-Aug-18,1258.1
20-Aug-18,1267.5
21-Aug-18,1272.8
22-Aug-18,1275.8
23-Aug-18,1265.2
24-Aug-18,1285
27-Aug-18,1288
28-Aug-18,1286.4
29-Aug-18,1283.3
30-Aug-18,1276.1
31-Aug-18,1277.7
02-Sep-18,1204.9
03-Sep-18,1206.3
04-Sep-18,1270.2
05-Sep-18,1272.6
06-Sep-18,1275.7
07-Sep-18,1272.1
10-Sep-18,1271.6
11-Sep-18,1274.4
12-Sep-18,1283.9
13-Sep-18,1281
14-Sep-18,1273.8
17-Sep-18,1278.4
18-Sep-18,1275.7
19-Sep-18,1281.5
20-Sep-18,1284.4
21-Sep-18,1274.3
24-Sep-18,1277.4
25-Sep-18,1278.2
26-Sep-18,1271.8
27-Sep-18,1259.8
28-Sep-18,1268.7
01-Oct-18,1264.4
02-Oct-18,1280.7
03-Oct-18,1276.7
04-Oct-18,1275.5
05-Oct-18,1280.2
08-Oct-18,1262.9
09-Oct-18,1265.8
10-Oct-18,1267.7
11-Oct-18,1302.3
12-Oct-18,1296.3
15-Oct-18,1305.4
16-Oct-18,1305.8
17-Oct-18,1301.9
18-Oct-18,1305.1
19-Oct-18,1303.8
22-Oct-18,1299.8
23-Oct-18,1312
24-Oct-18,1305.5
25-Oct-18,1306.7
26-Oct-18,1309.7
29-Oct-18,1301.1
30-Oct-18,1298.9
31-Oct-18,1288.2
01-Nov-18,1312.2
02-Nov-18,1307.3
05-Nov-18,1306.4
06-Nov-18,1300.4
07-Nov-18,1302.8
08-Nov-18,1299.3
09-Nov-18,1282.2
12-Nov-18,1276.8
13-Nov-18,1274.7
14-Nov-18,1283.2
15-Nov-18,1287.6
16-Nov-18,1294.9
19-Nov-18,1297.5
20-Nov-18,1293.4
21-Nov-18,1300.8
22-Nov-18,1228
23-Nov-18,1296.1
26-Nov-18,1295.8
27-Nov-18,1286.5
28-Nov-18,1296.4
29-Nov-18,1297
30-Nov-18,1292.7
03-Dec-18,1306.4
04-Dec-18,1313.6
05-Dec-18,1309.6
06-Dec-18,1310.2
07-Dec-18,1319.5
10-Dec-18,1314.8
11-Dec-18,1312.9
12-Dec-18,1315.8
13-Dec-18,1313.2
14-Dec-18,1307
17-Dec-18,1317.4
18-Dec-18,1318.5
19-Dec-18,1321.3
20-Dec-18,1333.1
21-Dec-18,1323.1
24-Dec-18,1337
25-Dec-18,1270.75
26-Dec-18,1338.3
27-Dec-18,1346.5
28-Dec-18,1348.3
31-Dec-18,1347.1
01-Jan-19,1283.35
02-Jan-19,1349.5
03-Jan-19,1359.8
04-Jan-19,1351
07-Jan-19,1355.2
08-Jan-19,1351.1
09-Jan-19,1357.3
10-Jan-19,1353
11-Jan-19,1355.4
14-Jan-19,1357.2
15-Jan-19,1353.7
16-Jan-19,1359.3
17-Jan-19,1357.9
18-Jan-19,1348.1
20-Jan-19,1282.05
21-Jan-19,1279.05
22-Jan-19,1348.4
23-Jan-19,1349.3
24-Jan-19,1344.9
25-Jan-19,1364
28-Jan-19,1369.8
29-Jan-19,1375.6
30-Jan-19,1375.9
31-Jan-19,1384
01-Feb-19,1381.1
04-Feb-19,1378.3
05-Feb-19,1378.6
06-Feb-19,1373.8
07-Feb-19,1373.6
08-Feb-19,1377.8
11-Feb-19,1371.2
12-Feb-19,1373.2
13-Feb-19,1374.6
14-Feb-19,1373.2
15-Feb-19,1381.2
17-Feb-19,1324.25
18-Feb-19,1329.55
19-Feb-19,1403.9
20-Feb-19,1406.7
21-Feb-19,1387.2
22-Feb-19,1392.5
25-Feb-19,1389
26-Feb-19,1387.9
27-Feb-19,1380.5
28-Feb-19,1375.3
01-Mar-19,1358.3
04-Mar-19,1346.3
05-Mar-19,1343.5
06-Mar-19,1346.5
07-Mar-19,1344.9
08-Mar-19,1358.5
11-Mar-19,1350
12-Mar-19,1356.6
13-Mar-19,1368.1
14-Mar-19,1352.9
15-Mar-19,1360.6
18-Mar-19,1359.4
19-Mar-19,1364.7
20-Mar-19,1359.5
21-Mar-19,1364.5
22-Mar-19,1369.3
25-Mar-19,1378.1
26-Mar-19,1369.3
27-Mar-19,1363.8
28-Mar-19,1342.4
29-Mar-19,1346
01-Apr-19,1342.7
02-Apr-19,1343.9
03-Apr-19,1344
04-Apr-19,1343.5
05-Apr-19,1345.2
08-Apr-19,1351.9
09-Apr-19,1358.4
10-Apr-19,1363.9
11-Apr-19,1343.4
12-Apr-19,1346.3
15-Apr-19,1342.4
16-Apr-19,1328.1
17-Apr-19,1327.6
18-Apr-19,1326.9
19-Apr-19,1277.9
22-Apr-19,1328.5
23-Apr-19,1323.8
24-Apr-19,1329.9
25-Apr-19,1330.2
26-Apr-19,1339.2
29-Apr-19,1331.6
30-Apr-19,1335.7
01-May-19,1334.2
02-May-19,1322.2
03-May-19,1331.7
06-May-19,1334
07-May-19,1335.8
08-May-19,1331.4
09-May-19,1335.1
10-May-19,1337.2
13-May-19,1350.2
14-May-19,1343.4
15-May-19,1344.5
16-May-19,1333.1
17-May-19,1322.5
20-May-19,1324.2
21-May-19,1320.1
22-May-19,1321.3
23-May-19,1331.8
24-May-19,1330.1
26-May-19,1284.15
27-May-19,1284.95
28-May-19,1323.3
29-May-19,1326.5
30-May-19,1332.9
31-May-19,1349.6
03-Jun-19,1365.3
04-Jun-19,1366.5
05-Jun-19,1370.2
06-Jun-19,1378.5
07-Jun-19,1381.9
10-Jun-19,1366.9
11-Jun-19,1369
12-Jun-19,1373.8
13-Jun-19,1380.7
14-Jun-19,1381.5
17-Jun-19,1379.6
18-Jun-19,1387.4
19-Jun-19,1384.4
20-Jun-19,1429.4
21-Jun-19,1432.7
24-Jun-19,1450.9
25-Jun-19,1451.3
26-Jun-19,1447.8
27-Jun-19,1444.5
28-Jun-19,1446.8
01-Jul-19,1423.6
02-Jul-19,1442.8
03-Jul-19,1456
04-Jul-19,1423.55
05-Jul-19,1436.6
08-Jul-19,1437.3
09-Jul-19,1438.3
10-Jul-19,1450.5
11-Jul-19,1445.3
12-Jul-19,1450.9
15-Jul-19,1452.3
16-Jul-19,1450.2
17-Jul-19,1462.5
18-Jul-19,1467.2
19-Jul-19,1465.5
22-Jul-19,1466
23-Jul-19,1460.8
24-Jul-19,1462.9
25-Jul-19,1454.4
26-Jul-19,1460.4
29-Jul-19,1461.7
30-Jul-19,1470.3
31-Jul-19,1466.3
01-Aug-19,1461.5
02-Aug-19,1485.3
05-Aug-19,1502.6
06-Aug-19,1509.7
07-Aug-19,1544.6
08-Aug-19,1535
09-Aug-19,1534.5
12-Aug-19,1543
13-Aug-19,1540.7
14-Aug-19,1554
15-Aug-19,1556.7
16-Aug-19,1549.2
19-Aug-19,1537.2
20-Aug-19,1541.3
21-Aug-19,1541.5
22-Aug-19,1534.4
23-Aug-19,1563.5
26-Aug-19,1563.1
27-Aug-19,1578
28-Aug-19,1575.3
29-Aug-19,1564
30-Aug-19,1557.2
01-Sep-19,1538.05
02-Sep-19,1535.15
03-Sep-19,1583.2
04-Sep-19,1587.4
05-Sep-19,1552.9
06-Sep-19,1543.3
09-Sep-19,1539.6
10-Sep-19,1528.1
11-Sep-19,1532.4
12-Sep-19,1537.8
13-Sep-19,1530.7
16-Sep-19,1542.3
17-Sep-19,1544.1
18-Sep-19,1546.1
19-Sep-19,1536.4
20-Sep-19,1545.3
23-Sep-19,1561.6
24-Sep-19,1570.1
25-Sep-19,1542
26-Sep-19,1545
27-Sep-19,1536.1
30-Sep-19,1502.3
01-Oct-19,1518
02-Oct-19,1536.8
03-Oct-19,1541.3
04-Oct-19,1540.7
07-Oct-19,1532.5
08-Oct-19,1531.9
09-Oct-19,1541.1
10-Oct-19,1529.7
11-Oct-19,1517.8
14-Oct-19,1527.1
15-Oct-19,1513.1
16-Oct-19,1523.4
17-Oct-19,1527.8
18-Oct-19,1523
21-Oct-19,1517.3
22-Oct-19,1516.6
23-Oct-19,1524.9
24-Oct-19,1533.9
25-Oct-19,1535.1
28-Oct-19,1525.8
29-Oct-19,1520.6
30-Oct-19,1526.5
31-Oct-19,1544
01-Nov-19,1541.3
04-Nov-19,1541.6
05-Nov-19,1514.5
06-Nov-19,1523.9
07-Nov-19,1497.7
08-Nov-19,1496.3
11-Nov-19,1488
12-Nov-19,1484.2
13-Nov-19,1493.9
14-Nov-19,1504
15-Nov-19,1499.1
18-Nov-19,1502.4
19-Nov-19,1504.8
20-Nov-19,1504.5
21-Nov-19,1494
22-Nov-19,1494.4
25-Nov-19,1488.1
26-Nov-19,1491
27-Nov-19,1484.4
28-Nov-19,1462.25
29-Nov-19,1496.6
02-Dec-19,1493.1
03-Dec-19,1508.6
04-Dec-19,1504.5
05-Dec-19,1507.5
06-Dec-19,1489.9
09-Dec-19,1489.8
10-Dec-19,1493.2
11-Dec-19,1500.1
12-Dec-19,1497.5
13-Dec-19,1506.9
16-Dec-19,1506.7
17-Dec-19,1506.8
18-Dec-19,1504.3
19-Dec-19,1510
20-Dec-19,1506.4
23-Dec-19,1514.4
24-Dec-19,1530.5
25-Dec-19,1504.05
26-Dec-19,1540.3
27-Dec-19,1544.4
30-Dec-19,1545.4
31-Dec-19,1550.6
01-Jan-20,1520.95
02-Jan-20,1555.2
03-Jan-20,1579.6
06-Jan-20,1596.1
07-Jan-20,1601.3
08-Jan-20,1587
09-Jan-20,1581.4
10-Jan-20,1587
13-Jan-20,1577.5
14-Jan-20,1571.2
15-Jan-20,1580.3
16-Jan-20,1576.9
17-Jan-20,1587.2
19-Jan-20,1557.05
20-Jan-20,1561.25
21-Jan-20,1584.7
22-Jan-20,1583.5
23-Jan-20,1592.1
24-Jan-20,1599
27-Jan-20,1604.6
28-Jan-20,1596.9
29-Jan-20,1597.9
30-Jan-20,1610.7
31-Jan-20,1609.4
03-Feb-20,1604
04-Feb-20,1577.5
05-Feb-20,1584.7
06-Feb-20,1591.7
07-Feb-20,1595
10-Feb-20,1600.7
11-Feb-20,1591.1
12-Feb-20,1592.4
13-Feb-20,1599.6
14-Feb-20,1606.9
16-Feb-20,1586.25
17-Feb-20,1587.05
18-Feb-20,1624
19-Feb-20,1632.2
20-Feb-20,1640.8
21-Feb-20,1669.1
24-Feb-20,1697.1
25-Feb-20,1670.2
26-Feb-20,1662.9
27-Feb-20,1661.4
28-Feb-20,1583.6
02-Mar-20,1609.7
03-Mar-20,1658.8
04-Mar-20,1656.5
05-Mar-20,1680.4
06-Mar-20,1683
09-Mar-20,1684.1
10-Mar-20,1669
11-Mar-20,1650.8
12-Mar-20,1598.8
13-Mar-20,1524.9
16-Mar-20,1493.8
17-Mar-20,1534.1
18-Mar-20,1487.1
19-Mar-20,1489.4
20-Mar-20,1495.1
23-Mar-20,1581.4
24-Mar-20,1663
25-Mar-20,1633.3
26-Mar-20,1662
27-Mar-20,1655
30-Mar-20,1644.1
31-Mar-20,1597.6
01-Apr-20,1592.5
02-Apr-20,1638.9
03-Apr-20,1646.5
06-Apr-20,1693.1
07-Apr-20,1683.7
08-Apr-20,1684.1
09-Apr-20,1753.6
10-Apr-20,1740.6
13-Apr-20,1762.7
14-Apr-20,1771.2
15-Apr-20,1744.7
16-Apr-20,1736.3
17-Apr-20,1702.7
20-Apr-20,1715.3
21-Apr-20,1692.1
22-Apr-20,1743.5
23-Apr-20,1751
24-Apr-20,1741.7
27-Apr-20,1731.4
28-Apr-20,1731.2
29-Apr-20,1722.4
30-Apr-20,1704.9
01-May-20,1712
04-May-20,1725.9
05-May-20,1728
06-May-20,1704.4
07-May-20,1743.7
08-May-20,1735.2
11-May-20,1720.9
12-May-20,1728
13-May-20,1737.3
14-May-20,1762
15-May-20,1778.7
18-May-20,1760.6
19-May-20,1773.4
20-May-20,1781.7
21-May-20,1750.4
22-May-20,1765.6
24-May-20,1730.65
25-May-20,1727
26-May-20,1740.5
27-May-20,1740.5
28-May-20,1742.7
29-May-20,1765.7
01-Jun-20,1763.7
02-Jun-20,1749.7
03-Jun-20,1723.5
04-Jun-20,1746.4
05-Jun-20,1701.9
08-Jun-20,1723.8
09-Jun-20,1740.3
10-Jun-20,1739
11-Jun-20,1757.6
12-Jun-20,1755.2
15-Jun-20,1744.9
16-Jun-20,1754.4
17-Jun-20,1753.4
18-Jun-20,1747.9
19-Jun-20,1768.6
22-Jun-20,1781.7
23-Jun-20,1797.1
24-Jun-20,1792.6
25-Jun-20,1788.4
26-Jun-20,1798.5
29-Jun-20,1800.1
30-Jun-20,1820.4
01-Jul-20,1801.9
02-Jul-20,1812
03-Jul-20,1787.6
06-Jul-20,1816.1
07-Jul-20,1834.3
08-Jul-20,1850.6
09-Jul-20,1833.5
10-Jul-20,1831.3
13-Jul-20,1843.7
14-Jul-20,1841.5
15-Jul-20,1841.6
16-Jul-20,1826.5
17-Jul-20,1833.7
20-Jul-20,1840.1
21-Jul-20,1869.6
22-Jul-20,1892.6
23-Jul-20,1917.4
24-Jul-20,1925.2
27-Jul-20,1955.4
28-Jul-20,1963.9
29-Jul-20,1976.7
30-Jul-20,1966.8
31-Jul-20,1985.9
03-Aug-20,1986.3
04-Aug-20,2021
05-Aug-20,2049.3
06-Aug-20,2069.4
07-Aug-20,2028
10-Aug-20,2039.7
11-Aug-20,1946.3
12-Aug-20,1949
13-Aug-20,1970.4
14-Aug-20,1949.8
17-Aug-20,1998.7
18-Aug-20,2013.1
19-Aug-20,1970.3
20-Aug-20,1946.5
21-Aug-20,1947
24-Aug-20,1939.2
25-Aug-20,1923.1
26-Aug-20,1952.5
27-Aug-20,1932.6
28-Aug-20,1974.9
31-Aug-20,1978.6
01-Sep-20,1978.9
02-Sep-20,1944.7
03-Sep-20,1937.8
04-Sep-20,1934.3
06-Sep-20,1940.65
07-Sep-20,1937.1
08-Sep-20,1943.2
09-Sep-20,1954.9
10-Sep-20,1964.3
11-Sep-20,1957.35
