Date,Price,High,Low
2011-01-03,1422.6,1423.9,1413.7
2011-01-04,1378.5,1410.9,1375.8
2011-01-05,1373.4,1384,1364.2
2011-01-06,1371.4,1376.5,1368.9
2011-01-07,1368.5,1377.2,1355.5
2011-01-10,1373.7,1374,1365.7
2011-01-11,1384,1384.5,1373.9
2011-01-12,1385.7,1385.5,1378
2011-01-13,1386.9,1392.5,1371.4
2011-01-14,1360.4,1376,1356.7
2011-01-18,1368.1,1371,1359.2
2011-01-19,1370.2,1376.2,1367
2011-01-20,1346.5,1367.7,1345
2011-01-21,1341,1345.6,1338.6
2011-01-24,1344.5,1352.3,1341.8
2011-01-25,1332.3,1331.5,1323.6
2011-01-26,1333,1341.7,1339.8
2011-01-27,1318.4,1342,1318.4
2011-01-28,1340.7,1346.6,1307.7
2011-01-31,1333.8,1345.9,1323.3
2011-02-01,1339.6,1342.9,1325.3
2011-02-02,1331.5,1344,1327
2011-02-03,1352.3,1355.8,1324.9
2011-02-04,1348.3,1360,1345
2011-02-07,1347.6,1353.8,1343.8
2011-02-08,1363.4,1367,1350
2011-02-09,1364.8,1366.5,1359.6
2011-02-10,1361.9,1364.5,1351.7
2011-02-11,1359.9,1368.8,1355.2
2011-02-14,1364.6,1365.6,1356.6
2011-02-15,1373.6,1376,1361.6
2011-02-16,1374.7,1382,1370.5
2011-02-17,1384.7,1384.7,1377
2011-02-18,1388.2,1391.8,1381.8
2011-02-22,1400.5,1408.7,1395.1
2011-02-23,1413.4,1413.8,1397.8
2011-02-24,1415.3,1415.3,1408.3
2011-02-25,1408.7,1411,1401
2011-02-28,1409.3,1415.7,1407.7
2011-03-01,1430.7,1434.4,1415.3
2011-03-02,1437.2,1440.5,1428.8
2011-03-03,1416,1432.3,1415.9
2011-03-04,1428.2,1429.8,1416.8
2011-03-07,1434.1,1445,1429.5
2011-03-08,1426.9,1432.6,1424.3
2011-03-09,1429.3,1435.7,1426.1
2011-03-10,1412.2,1429.8,1403.8
2011-03-11,1421.5,1422.6,1404.9
2011-03-14,1424.6,1427.7,1420
2011-03-15,1392.6,1413.3,1385.5
2011-03-16,1396,1404.2,1394.3
2011-03-17,1404,1393.6,1387.7
2011-03-18,1415.9,1419.3,1406.4
2011-03-21,1426.2,1433.5,1430.8
2011-03-22,1427.5,1430.4,1430.4
2011-03-23,1437.9,1439.7,1432.2
2011-03-24,1434.8,1446.9,1437.5
2011-03-25,1426.1,1436,1436
2011-03-28,1419.8,1415.6,1413.2
2011-03-29,1416,1416,1416
2011-03-30,1423.8,1430.3,1412
2011-03-31,1438.9,1440,1420.7
2011-04-01,1428.1,1436.5,1413
2011-04-04,1432.2,1439.1,1428.8
2011-04-05,1451.8,1457.6,1430.3
2011-04-06,1457.7,1462.3,1452
2011-04-07,1458.5,1462.7,1453.9
2011-04-08,1473.4,1475.5,1457.5
2011-04-11,1467.4,1476,1459.7
2011-04-12,1452.9,1467.2,1444.4
2011-04-13,1454.9,1462,1454
2011-04-14,1471.7,1476,1452.7
2011-04-15,1485.3,1487.5,1473.2
2011-04-18,1492.3,1497.3,1477.5
2011-04-19,1494.5,1499.5,1489
2011-04-20,1498.3,1505.3,1494
2011-04-21,1503.2,1508.3,1501.7
2011-04-25,1508.6,1518,1502.8
2011-04-26,1503,1506.3,1495
2011-04-27,1516.7,1512.8,1505.2
2011-04-28,1530.8,1536,1526.6
2011-04-29,1556,1568.7,1537.3
2011-05-02,1556.7,1576.6,1543.1
2011-05-03,1540.1,1547,1527.5
2011-05-04,1514.9,1539,1506.2
2011-05-05,1480.9,1520.7,1471
2011-05-06,1491.2,1494.8,1472.3
2011-05-09,1502.9,1512.8,1501.3
2011-05-10,1516.6,1516.9,1508.4
2011-05-11,1501.1,1524.1,1495.2
2011-05-12,1506.6,1502.7,1484.8
2011-05-13,1493.4,1511.3,1490.2
2011-05-16,1490.4,1494.9,1489.3
2011-05-17,1479.8,1491.8,1473
2011-05-18,1495.6,1497,1496.3
2011-05-19,1492.2,1491.5,1491.5
2011-05-20,1508.8,1513.3,1488.7
2011-05-23,1515.3,1513,1507
2011-05-24,1523.2,1527.1,1521.9
2011-05-25,1526.6,1527.5,1526.1
2011-05-26,1522.8,1521.2,1519.5
2011-05-27,1536.3,1538.5,1518.4
2011-05-31,1535.9,1541.1,1532.4
2011-06-01,1542.4,1550.6,1529.7
2011-06-02,1532,1544.5,1520
2011-06-03,1541.7,1546.3,1525
2011-06-06,1546.5,1553.9,1542
2011-06-07,1543.3,1549.9,1537.2
2011-06-08,1538.1,1544.2,1531.3
2011-06-09,1542.1,1548.8,1534.4
2011-06-10,1528.6,1543.9,1526.4
2011-06-13,1515,1533,1511.3
2011-06-14,1523.8,1526.2,1513.1
2011-06-15,1525.6,1533.4,1515
2011-06-16,1529.3,1531.2,1522
2011-06-17,1538.6,1541.6,1523
2011-06-20,1541.5,1545.7,1535.2
2011-06-21,1546,1547.5,1540
2011-06-22,1552.9,1558.5,1544.4
2011-06-23,1520.1,1547.2,1514.7
2011-06-24,1500.5,1525,1498.5
2011-06-27,1496,1503.5,1490.7
2011-06-28,1499.7,1505,1496.1
2011-06-29,1509.9,1512.2,1504.1
2011-06-30,1502.3,1514,1498.8
2011-07-01,1482.3,1502.2,1480
2011-07-05,1512.3,1515,1490.3
2011-07-06,1528.7,1532.8,1510.3
2011-07-07,1530.2,1533.1,1522.7
2011-07-08,1541.2,1542.6,1526.6
2011-07-11,1548.8,1555.2,1543.1
2011-07-12,1561.9,1565,1542
2011-07-13,1585.2,1585.6,1570.8
2011-07-14,1589,1592.8,1583.6
2011-07-15,1589.8,1592.2,1582.3
2011-07-18,1602.1,1605,1592.8
2011-07-19,1600.9,1608.8,1583.3
2011-07-20,1596.7,1596.5,1582.4
2011-07-21,1586.8,1601.6,1586.6
2011-07-22,1601.3,1606.5,1588.5
2011-07-25,1612,1619.4,1610
2011-07-26,1616.6,1618.5,1609.8
2011-07-27,1615,1622.5,1617
2011-07-28,1613.4,1620.6,1602.8
2011-07-29,1628.3,1634.9,1610.6
2011-08-01,1619,1631.8,1607
2011-08-02,1641.9,1660.6,1616.8
2011-08-03,1663.4,1672.3,1651.6
2011-08-04,1656.2,1681.8,1640
2011-08-05,1648.8,1666.1,1642.6
2011-08-08,1710.2,1720,1678.1
2011-08-09,1740,1779,1720.1
2011-08-10,1781.3,1795.6,1741.3
2011-08-11,1748.8,1813.5,1733
2011-08-12,1740.2,1764.2,1723.8
2011-08-15,1755.5,1765.2,1730.5
2011-08-16,1782.4,1787.3,1761.6
2011-08-17,1791.2,1794.3,1782
2011-08-18,1818.9,1828.5,1785.5
2011-08-19,1848.9,1874.4,1823.7
2011-08-22,1888.7,1895,1858.4
2011-08-23,1858.3,1909.3,1824.6
2011-08-24,1754.1,1853.1,1753.1
2011-08-25,1759.8,1772.5,1707.3
2011-08-26,1794.1,1829.3,1768.5
2011-08-29,1788.4,1817.9,1786.7
2011-08-30,1826.7,1839.6,1783.1
2011-08-31,1828.5,1837.9,1811.4
2011-09-01,1826,1829.5,1814.1
2011-09-02,1873.7,1884.2,1828.6
2011-09-06,1869.9,1911.6,1864
2011-09-07,1814.2,1873.7,1792.8
2011-09-08,1854.4,1870,1835
2011-09-09,1856.4,1881.3,1830
2011-09-12,1809.9,1852.4,1806
2011-09-13,1826.8,1835.3,1808.1
2011-09-14,1823.5,1843,1809
2011-09-15,1778.5,1816.3,1775.8
2011-09-16,1812.1,1819.1,1768.5
2011-09-19,1776.4,1818.9,1781.8
2011-09-20,1806.6,1807.8,1776
2011-09-21,1805.5,1812,1782.8
2011-09-22,1739.2,1773.2,1730.9
2011-09-23,1637.5,1737.3,1636.3
2011-09-26,1592.5,1661.8,1562.4
2011-09-27,1650.6,1665.4,1653.7
2011-09-28,1616.3,1650,1650
2011-09-29,1615.5,1633.8,1585
2011-09-30,1620.4,1639.4,1609.4
2011-10-03,1656,1660.8,1627.6
2011-10-04,1614.7,1678.1,1596.6
2011-10-05,1640.3,1644.7,1599.6
2011-10-06,1651.9,1654.7,1637.6
2011-10-07,1634.5,1665,1626.2
2011-10-10,1669.6,1676.8,1645.6
2011-10-11,1659.7,1685,1657.6
2011-10-12,1681.3,1691,1665.9
2011-10-13,1667.3,1678.8,1656.2
2011-10-14,1681.8,1683.3,1665.8
2011-10-17,1675.5,1693.5,1667.3
2011-10-18,1651.7,1666,1627.5
2011-10-19,1646,1659.3,1641
2011-10-20,1611.9,1643.8,1608.7
2011-10-21,1635.1,1647.4,1626.1
2011-10-24,1651.5,1657.8,1638.8
2011-10-25,1699.6,1706.8,1645
2011-10-26,1722.7,1723.6,1708.9
2011-10-27,1746.7,1735.5,1717.8
2011-10-28,1746.2,1752,1733
2011-10-31,1724.2,1741.9,1716
2011-11-01,1711,1720.1,1682.5
2011-11-02,1728.7,1741.4,1723.2
2011-11-03,1764.2,1766,1726.6
2011-11-04,1755.3,1761.2,1754.9
2011-11-07,1790.3,1797,1768.7
2011-11-08,1798.4,1785.7,1785.7
2011-11-09,1790.9,1793,1774.2
2011-11-10,1758.9,1766.8,1754.8
2011-11-11,1787.5,1789.5,1777
2011-11-14,1777.8,1779,1779
2011-11-15,1781.7,1783.1,1761.3
2011-11-16,1773.8,1777.5,1757.7
2011-11-17,1719.8,1755.3,1714
2011-11-18,1724.7,1736,1719
2011-11-21,1678.3,1704.6,1674.4
2011-11-22,1702.2,1679.8,1675.4
2011-11-23,1695.7,1700,1681.6
2011-11-25,1685.5,1693.5,1675.3
2011-11-28,1710.8,1710.8,1710.8
2011-11-29,1713.4,1718.4,1704
2011-11-30,1745.5,1749.2,1699.9
2011-12-01,1735.3,1753.3,1734.5
2011-12-02,1747,1762.9,1741.6
2011-12-05,1730.7,1752.6,1718.7
2011-12-06,1727.9,1731.8,1703
2011-12-07,1740.9,1741.9,1720
2011-12-08,1709.8,1752.3,1705.4
2011-12-09,1712.8,1720.7,1705.7
2011-12-12,1664.2,1708.2,1658.5
2011-12-13,1659.9,1671.8,1628
2011-12-14,1584.3,1639.5,1565.8
2011-12-15,1574.6,1592.8,1565.6
2011-12-16,1595.6,1595.9,1586
2011-12-19,1594.4,1603.4,1589.7
2011-12-20,1615.6,1617,1596.4
2011-12-21,1611.9,1635,1608.3
2011-12-22,1608.9,1610,1601.9
2011-12-23,1604.7,1612.8,1605.8
2011-12-27,1594.2,1599,1592.6
2011-12-28,1562.9,1588.6,1561.3
2011-12-29,1539.9,1559.3,1525
2011-12-30,1565.8,1579.5,1547.9
2012-01-03,1599.7,1604.3,1566
2012-01-04,1611.9,1618.6,1594.5
2012-01-05,1619.4,1624.1,1597.8
2012-01-06,1616.1,1627.8,1618.6
2012-01-09,1607.5,1620.1,1607.8
2012-01-10,1631,1639,1619.9
2012-01-11,1639.2,1645.4,1633.8
2012-01-12,1647.3,1656.1,1645.2
2012-01-13,1630.4,1643.4,1632.4
2012-01-17,1655.2,1657.8,1642.1
2012-01-18,1659.5,1660.3,1654
2012-01-19,1654.1,1664.4,1653.5
2012-01-20,1663.7,1664.3,1652.8
2012-01-23,1678,1680,1669.9
2012-01-24,1664.2,1668.2,1664.4
2012-01-25,1699.8,1706.2,1658.3
2012-01-26,1726.3,1729,1721
2012-01-27,1731.8,1734.1,1724.4
2012-01-30,1731,1739.9,1715.7
2012-01-31,1737.8,1747.7,1725
2012-02-01,1747.1,1751.1,1734
2012-02-02,1756.8,1761.1,1742.9
2012-02-03,1737.9,1761.3,1724.5
2012-02-06,1722.8,1738.3,1713.3
2012-02-07,1746.4,1748,1713.2
2012-02-08,1729.3,1751.5,1728.2
2012-02-09,1739,1749.7,1726.1
2012-02-10,1723.3,1734.4,1706.4
2012-02-13,1723,1733,1718.4
2012-02-14,1715.9,1724.9,1715
2012-02-15,1726.3,1737,1723.6
2012-02-16,1726.8,1728.4,1707
2012-02-17,1724.5,1735.1,1718.8
2012-02-21,1757.1,1760,1733.6
2012-02-22,1770,1781.9,1750
2012-02-23,1784.9,1786,1773
2012-02-24,1775.1,1780.7,1771.3
2012-02-27,1773.6,1775.6,1768.1
2012-02-28,1787,1789.4,1767.9
2012-02-29,1709.9,1790.4,1669
2012-03-01,1721.1,1724.6,1698.6
2012-03-02,1708.8,1723,1705.2
2012-03-05,1703,1709.5,1695.4
2012-03-06,1671.4,1708.7,1666
2012-03-07,1683.3,1684,1673.1
2012-03-08,1698.1,1702.4,1686.4
2012-03-09,1710.9,1706,1680.7
2012-03-12,1699.2,1708.1,1694.9
2012-03-13,1693.7,1701.7,1685.1
2012-03-14,1642.5,1681,1637.4
2012-03-15,1659.1,1660.2,1640
2012-03-16,1655.5,1663.4,1641.3
2012-03-19,1666.9,1668,1652.1
2012-03-20,1646.7,1652.3,1642
2012-03-21,1650,1660,1646.1
2012-03-22,1642.3,1649.4,1633.8
2012-03-23,1662.3,1665.1,1646.3
2012-03-26,1685.5,1692.9,1657.8
2012-03-27,1684.8,1690.8,1684.4
2012-03-28,1657.9,1670.1,1665
2012-03-29,1652.2,1664.5,1644.3
2012-03-30,1669.3,1670,1659
2012-04-02,1677.5,1682.8,1662
2012-04-03,1670,1679.5,1638.7
2012-04-04,1612.3,1647,1613
2012-04-05,1628.5,1633.2,1620.4
2012-04-09,1642.5,1646.4,1636.5
2012-04-10,1659.5,1661.7,1636.2
2012-04-11,1659,1659.7,1654.7
2012-04-12,1679.5,1680.1,1650
2012-04-13,1659.1,1674.8,1650
2012-04-16,1648.7,1656.8,1641.2
2012-04-17,1650.3,1653,1637
2012-04-18,1638.8,1653.3,1638.1
2012-04-19,1640.6,1653.1,1632
2012-04-20,1642.1,1645.6,1640.9
2012-04-23,1631.9,1642.4,1625.1
2012-04-24,1643,1648.6,1634.4
2012-04-25,1641.4,1643.8,1626.9
2012-04-26,1659.6,1658.7,1658.3
2012-04-27,1664,1666.9,1654
2012-04-30,1663.4,1665.7,1653
2012-05-01,1661.7,1670.5,1661.7
2012-05-02,1653.4,1659.2,1648.3
2012-05-03,1634.2,1652.2,1631.3
2012-05-04,1644.7,1645.6,1629.4
2012-05-07,1638.6,1640,1632.6
2012-05-08,1604,1636.7,1596
2012-05-09,1593.7,1595.3,1586.3
2012-05-10,1595.1,1594.4,1592.4
2012-05-11,1583.6,1589.6,1586.1
2012-05-14,1560.6,1563.1,1555.5
2012-05-15,1556.8,1558.3,1542.4
2012-05-16,1536.2,1541.4,1528.5
2012-05-17,1574.5,1579,1546.9
2012-05-18,1591.6,1590.8,1568.2
2012-05-21,1588.4,1594.1,1591.9
2012-05-22,1576.3,1591.1,1568.4
2012-05-23,1548.1,1538.2,1534.4
2012-05-24,1557.3,1569.4,1551.5
2012-05-25,1568.8,1568,1557.3
2012-05-29,1548.6,1582.5,1574.7
2012-05-30,1563.4,1569,1530.4
2012-05-31,1562.6,1572.6,1551.8
2012-06-01,1620.5,1630,1545.5
2012-06-04,1612.2,1627.9,1609
2012-06-05,1615.2,1622.7,1612.9
2012-06-06,1632.8,1639.7,1616.5
2012-06-07,1586.6,1627.2,1581.9
2012-06-08,1590.1,1593.9,1566.5
2012-06-11,1595.5,1608,1583
2012-06-12,1612.7,1612.8,1588.5
2012-06-13,1618.1,1622.4,1608.2
2012-06-14,1618.4,1626.4,1610.1
2012-06-15,1627,1630,1621.5
2012-06-18,1625.7,1627.6,1615
2012-06-19,1622.2,1630.7,1622
2012-06-20,1614.8,1618.3,1598.6
2012-06-21,1564.5,1603.3,1565.5
2012-06-22,1566,1569.3,1560
2012-06-25,1587.5,1587.3,1571
2012-06-26,1574,1583.5,1567.7
2012-06-27,1577.5,1571.6,1563
2012-06-28,1549.7,1573.7,1548.4
2012-06-29,1603.5,1600.4,1561.9
2012-07-02,1597.2,1598.3,1589.7
2012-07-03,1621.3,1624,1603.8
2012-07-05,1608.9,1619.2,1598
2012-07-06,1578.4,1593.8,1587
2012-07-09,1588.6,1582.1,1580.9
2012-07-10,1579.3,1599.8,1567.6
2012-07-11,1575.2,1579.5,1575.3
2012-07-12,1564.9,1574.7,1557.2
2012-07-13,1591.6,1594.1,1567.8
2012-07-16,1591.2,1589.7,1585.8
2012-07-17,1589.1,1596,1576.3
2012-07-18,1570.4,1583.7,1569.9
2012-07-19,1580.1,1586.9,1578.4
2012-07-20,1582.5,1584.4,1576.1
2012-07-23,1577.1,1572,1569.8
2012-07-24,1576,1581.9,1574
2012-07-25,1608,1603.9,1583.3
2012-07-26,1615,1614.9,1614.1
2012-07-27,1617.9,1613.4,1613.4
2012-07-30,1619.7,1625.8,1613.1
2012-07-31,1610.5,1627.5,1610
2012-08-01,1603.7,1617.6,1592
2012-08-02,1587.4,1615,1583.1
2012-08-03,1606,1605.7,1585.1
2012-08-06,1612.9,1614.1,1603.2
2012-08-07,1609.7,1615.7,1609
2012-08-08,1612.9,1614.8,1603
2012-08-09,1617.1,1617.1,1610.1
2012-08-10,1619.7,1624.1,1605
2012-08-13,1609.6,1623.7,1607.3
2012-08-14,1599.4,1615.6,1591.2
2012-08-15,1603.7,1604.6,1592
2012-08-16,1616.1,1615.7,1600.2
2012-08-17,1616.3,1617.8,1611.4
2012-08-20,1620.1,1621.4,1611.6
2012-08-21,1639.9,1639,1620
2012-08-22,1637.4,1653.1,1635
2012-08-23,1669.6,1672.7,1658
2012-08-24,1669.8,1669.6,1662.2
2012-08-27,1672.4,1675.4,1663.9
2012-08-28,1666.5,1671,1659.2
2012-08-29,1659.8,1667.3,1665.2
2012-08-30,1653.5,1662,1650.7
2012-08-31,1684.6,1690,1646.2
2012-09-04,1692.9,1698,1687.7
2012-09-05,1690.8,1693.3,1690.4
2012-09-06,1702.6,1712.4,1696.4
2012-09-07,1737.5,1738.2,1696.7
2012-09-10,1728.7,1733.5,1727.2
2012-09-11,1731.8,1736,1735.8
2012-09-12,1730.6,1742.3,1730.5
2012-09-13,1769.1,1767.5,1728.7
2012-09-14,1769.8,1774.5,1766
2012-09-17,1767.7,1774.8,1753.8
2012-09-18,1768.4,1766.4,1766.3
2012-09-19,1769,1778.5,1768
2012-09-20,1767.7,1771.3,1759.7
2012-09-21,1775.5,1785.3,1772.3
2012-09-24,1762.1,1762.1,1762.1
2012-09-25,1763.8,1772.7,1772.6
2012-09-26,1750.6,1764.2,1737.6
2012-09-27,1777.6,1780.2,1750.7
2012-09-28,1771.1,1782.2,1767.5
2012-10-01,1780.5,1791,1763.3
2012-10-02,1772.7,1779.3,1773.1
2012-10-03,1777.3,1779.9,1771.9
2012-10-04,1794.1,1794.8,1783.5
2012-10-05,1778.6,1792.2,1776.6
2012-10-08,1773.5,1778,1766.8
2012-10-09,1763,1776.7,1762.3
2012-10-10,1763.2,1764.2,1758.1
2012-10-11,1768.8,1771,1761.6
2012-10-12,1758,1769.5,1753.6
2012-10-15,1736,1750,1729.9
2012-10-16,1744.7,1744.4,1736.6
2012-10-17,1751.5,1750.7,1746
2012-10-18,1743.3,1749.1,1740.5
2012-10-19,1722.8,1741.1,1721
2012-10-22,1725.1,1728.3,1715
2012-10-23,1708.3,1728.5,1708.4
2012-10-24,1700.5,1708.5,1698.6
2012-10-25,1712,1716.7,1711.7
2012-10-26,1710.9,1716.2,1706.1
2012-10-29,1707.7,1712,1707
2012-10-30,1710.5,1714.4,1709
2012-10-31,1717.5,1724.5,1714.4
2012-11-01,1714.1,1725.1,1714.9
2012-11-02,1674.1,1711.3,1674.3
2012-11-05,1682.2,1683.1,1674.3
2012-11-06,1714.1,1718,1690.1
2012-11-07,1713.2,1726.5,1703.7
2012-11-08,1725.4,1729.6,1714.2
2012-11-09,1730.3,1734.1,1727.6
2012-11-12,1730.3,1734.9,1733.2
2012-11-13,1724.2,1728.2,1718.5
2012-11-14,1729.5,1727.7,1722
2012-11-15,1713.3,1724.9,1706.3
2012-11-16,1714.3,1713.8,1706.9
2012-11-19,1734,1731,1721.8
2012-11-20,1723.2,1731.1,1722.5
2012-11-21,1727.9,1725.8,1725.8
2012-11-23,1751.3,1735,1735
2012-11-26,1749.5,1750.5,1749.4
2012-11-27,1742.2,1746.4,1745.2
2012-11-28,1716.5,1739.8,1716.3
2012-11-29,1727.2,1729,1717.7
2012-11-30,1710.9,1731.2,1708.4
2012-12-03,1719.6,1721.9,1714.5
2012-12-04,1694.4,1716.8,1691.6
2012-12-05,1692.4,1706,1685
2012-12-06,1700.3,1702.1,1686.4
2012-12-07,1704,1704.5,1684
2012-12-10,1713,1717,1704.2
2012-12-11,1708.2,1714.1,1705.9
2012-12-12,1716.6,1722.3,1708
2012-12-13,1695.6,1707.2,1689.9
2012-12-14,1695.8,1699.2,1694.4
2012-12-17,1697,1698.5,1689.5
2012-12-18,1669.5,1702.8,1661
2012-12-19,1666.5,1676,1664.6
2012-12-20,1644.9,1671,1637.6
2012-12-21,1659.1,1656.7,1635.8
2012-12-24,1658.6,1663.8,1654.9
2012-12-26,1659.8,1666.7,1654.5
2012-12-27,1662.6,1662.1,1656.2
2012-12-28,1654.9,1664,1653.7
2012-12-31,1674.8,1677.1,1655.4
2013-01-02,1687.9,1693.8,1670
2013-01-03,1673.7,1686.8,1662
2013-01-04,1648.1,1658.3,1625.7
2013-01-07,1645.5,1659.9,1643.8
2013-01-08,1661.5,1659.5,1647.7
2013-01-09,1654.8,1662.1,1651.2
2013-01-10,1677.3,1673.8,1672.5
2013-01-11,1660,1673.1,1654.2
2013-01-14,1668.9,1673.8,1664.1
2013-01-15,1683.4,1684.3,1671.6
2013-01-16,1682.7,1680.5,1674.4
2013-01-17,1690.4,1694.6,1671
2013-01-18,1686.6,1692,1687.3
2013-01-22,1692.8,1694.7,1687.8
2013-01-23,1686.3,1693.7,1685.2
2013-01-24,1669.5,1681.7,1668
2013-01-25,1656.4,1663,1657.2
2013-01-28,1652.4,1655.5,1651.6
2013-01-29,1660.7,1661.5,1660.7
2013-01-30,1679.9,1683.2,1661.8
2013-01-31,1660.6,1680,1657.4
2013-02-01,1669.4,1681.2,1659.9
2013-02-04,1675.3,1676.5,1661.6
2013-02-05,1672.4,1683.4,1666.5
2013-02-06,1677.7,1678.5,1668
2013-02-07,1670.4,1682.1,1663.1
2013-02-08,1666,1672.5,1664.8
2013-02-11,1648.2,1668,1643.7
2013-02-12,1648.7,1650.4,1642.4
2013-02-13,1644.2,1652.3,1640.2
2013-02-14,1634.7,1646.9,1632.7
2013-02-15,1608.8,1633.9,1599.5
2013-02-19,1603.6,1617,1599.7
2013-02-20,1577.6,1606.9,1561.8
2013-02-21,1578.2,1581.2,1554.5
2013-02-22,1572.4,1585.4,1572.3
2013-02-25,1586.2,1596,1577.7
2013-02-26,1615.2,1609,1589
2013-02-27,1595.2,1612.8,1591.8
2013-02-28,1577.7,1601.6,1575.1
2013-03-01,1571.9,1585.6,1566
2013-03-04,1572.1,1580.8,1569.7
2013-03-05,1574.6,1585.5,1571.4
2013-03-06,1574.6,1582.6,1566.8
2013-03-07,1574.8,1583.5,1573.9
2013-03-08,1576.6,1581.2,1561.8
2013-03-11,1577.8,1579.7,1576
2013-03-12,1591.5,1595.6,1579.8
2013-03-13,1588.3,1596,1585
2013-03-14,1590.6,1587.9,1575.7
2013-03-15,1592.5,1594.4,1590.2
2013-03-18,1604.6,1607.7,1601.6
2013-03-19,1611.3,1613.1,1613
2013-03-20,1607.5,1613,1606.2
2013-03-21,1613.8,1613,1611.9
2013-03-22,1606.2,1611,1604.1
2013-03-25,1604.6,1607.8,1596.1
2013-03-26,1595.8,1595.8,1595.8
2013-03-27,1606.2,1608.1,1590.3
2013-03-28,1594.8,1606.6,1593.6
2013-04-01,1600,1600.5,1594.8
2013-04-02,1575.1,1602.6,1574.1
2013-04-03,1552.8,1576.4,1549.2
2013-04-04,1551.8,1557.3,1539.1
2013-04-05,1575.4,1580.6,1550.1
2013-04-08,1572,1580.6,1567.6
2013-04-09,1586.2,1589.3,1570
2013-04-10,1558.3,1586,1557
2013-04-11,1564.3,1566.7,1554.8
2013-04-12,1501,1560.8,1480.2
2013-04-15,1360.6,1487.4,1338
2013-04-16,1386.8,1401,1323
2013-04-17,1382.2,1394.2,1370.2
2013-04-18,1392,1396.4,1347.5
2013-04-19,1395.3,1420.3,1395.1
2013-04-22,1421,1434.9,1406.8
2013-04-23,1408.6,1429.5,1405.8
2013-04-24,1423.4,1430.1,1420.4
2013-04-25,1461.8,1458.3,1433
2013-04-26,1453.6,1480,1451.4
2013-04-29,1467.4,1475.5,1462.3
2013-04-30,1472.2,1476.6,1461
2013-05-01,1446.3,1477.1,1440
2013-05-02,1467.7,1471.2,1453.5
2013-05-03,1464.3,1487.1,1461.4
2013-05-06,1468.1,1477.2,1466.8
2013-05-07,1449,1466.2,1441.2
2013-05-08,1473.9,1474.7,1450.7
2013-05-09,1468.8,1473.4,1453
2013-05-10,1436.8,1459.3,1423
2013-05-13,1434.5,1440.6,1427.8
2013-05-14,1424.7,1444.4,1422
2013-05-15,1396.5,1425.7,1390.1
2013-05-16,1387.1,1395.1,1370.6
2013-05-17,1364.9,1391.1,1359.1
2013-05-20,1384.3,1391.9,1342.9
2013-05-21,1377.8,1392.3,1358.5
2013-05-22,1367.6,1395.7,1364.5
2013-05-23,1392,1394.8,1377.8
2013-05-24,1386.8,1386.8,1386.8
2013-05-27,1395.95,1396.15,1384.15
2013-05-28,1379.1,1392.5,1379.8
2013-05-29,1391.3,1391.3,1391.3
2013-05-30,1411.5,1417.5,1388.3
2013-05-31,1392.6,1421.1,1384.2
2013-06-03,1411.7,1416.3,1388.3
2013-06-04,1397.1,1414.1,1389
2013-06-05,1398.4,1410,1395.6
2013-06-06,1415.7,1422.7,1391.6
2013-06-07,1383,1416.4,1377.9
2013-06-10,1386.2,1386.9,1375.6
2013-06-11,1377,1384.4,1366
2013-06-12,1391.8,1393.5,1373.7
2013-06-13,1377.6,1390.9,1373.4
2013-06-14,1387.3,1389.6,1377.8
2013-06-17,1382.8,1390.5,1380
2013-06-18,1366.6,1383.5,1363
2013-06-19,1373.6,1372.7,1348.1
2013-06-20,1285.9,1348.1,1275.4
2013-06-21,1291.6,1300,1268.9
2013-06-24,1276.8,1297.3,1275.7
2013-06-25,1274.8,1286,1273.2
2013-06-26,1229.6,1273.9,1228.8
2013-06-27,1211.4,1241.6,1198.3
2013-06-28,1223.8,1232.3,1183.2
2013-07-01,1255.9,1261,1234.2
2013-07-02,1243.6,1266.3,1241.2
2013-07-03,1252.1,1258.2,1240.3
2013-07-04,1247.05,1256.15,1244.45
2013-07-05,1212.9,1254.1,1208.9
2013-07-08,1234.9,1235.2,1215.4
2013-07-09,1245.9,1254.5,1234.4
2013-07-10,1247.4,1263.9,1244.6
2013-07-11,1280.1,1285,1278.9
2013-07-12,1277.8,1282.3,1273.3
2013-07-15,1283.8,1292.4,1281.6
2013-07-16,1290.8,1291.4,1279.4
2013-07-17,1277.9,1300,1272.9
2013-07-18,1284.6,1286.4,1275.2
2013-07-19,1293.3,1292.2,1290
2013-07-22,1336.4,1332.2,1317
2013-07-23,1335.1,1342.3,1327.9
2013-07-24,1319.7,1345.1,1318.6
2013-07-25,1329,1336.8,1318.5
2013-07-26,1321.7,1326.5,1322.4
2013-07-29,1328.4,1328.4,1328.4
2013-07-30,1324,1329.6,1316.2
2013-07-31,1312.4,1338.4,1304.9
2013-08-01,1311,1328.5,1306.9
2013-08-02,1310.6,1317.6,1283
2013-08-05,1302.6,1318.3,1297.5
2013-08-06,1283.2,1305.9,1279.3
2013-08-07,1286.1,1288.4,1274
2013-08-08,1310.7,1312.8,1283.7
2013-08-09,1312.9,1315.8,1306.7
2013-08-12,1334.7,1342.4,1317.2
2013-08-13,1321.2,1339.1,1320.2
2013-08-14,1334,1336.3,1317.7
2013-08-15,1361.6,1369.6,1319.9
2013-08-16,1371.7,1378.9,1361
2013-08-19,1366.2,1384.4,1363.9
2013-08-20,1373.1,1377,1355
2013-08-21,1370.6,1377.3,1360.9
2013-08-22,1371.2,1380.4,1362
2013-08-23,1395.7,1398.2,1373.9
2013-08-26,1393,1403,1391.3
2013-08-27,1420.6,1421.1,1398.7
2013-08-28,1419,1428,1415.1
2013-08-29,1412.9,1417.4,1404.5
2013-08-30,1396.1,1409.8,1392.3
2013-09-02,1393.7,1398,1379.6
2013-09-03,1412,1414.4,1382.3
2013-09-04,1389.9,1413,1387.1
2013-09-05,1373.1,1397.5,1367.1
2013-09-06,1386.7,1390.1,1368.9
2013-09-09,1386.8,1389.8,1386.5
2013-09-10,1364.1,1377.5,1357.6
2013-09-11,1363.9,1365.8,1356.7
2013-09-12,1330.4,1360,1322.4
2013-09-13,1308.4,1323,1305.3
2013-09-16,1317.9,1329.6,1310.8
2013-09-17,1309.5,1313.1,1310.2
2013-09-18,1307.8,1347.7,1292.1
2013-09-19,1369.4,1373,1362.9
2013-09-20,1332.5,1347.5,1330.7
2013-09-23,1326.9,1327.8,1317.6
2013-09-24,1316,1324.9,1309.4
2013-09-25,1335.9,1335.3,1322.7
2013-09-26,1323.6,1338.3,1335.2
2013-09-27,1338.4,1343.8,1319.7
2013-09-30,1326.5,1350.9,1322
2013-10-01,1286,1334.2,1283.8
2013-10-02,1320.6,1321,1280
2013-10-03,1317.4,1319.5,1302.5
2013-10-04,1309.7,1318.1,1305.7
2013-10-07,1324.8,1325.4,1311.8
2013-10-08,1324.2,1330,1321.2
2013-10-09,1306.9,1319,1295.3
2013-10-10,1296.6,1310.8,1285
2013-10-11,1268,1291.6,1263.8
2013-10-14,1276.4,1285.8,1272.1
2013-10-15,1273,1284.8,1254.1
2013-10-16,1282,1284,1269.2
2013-10-17,1322.7,1320.8,1307
2013-10-18,1314.4,1326,1312.6
2013-10-21,1315.7,1317.7,1316.5
2013-10-22,1342.5,1342.6,1313.9
2013-10-23,1333.9,1333.4,1331.9
2013-10-24,1350.2,1350.1,1334.5
2013-10-25,1352.4,1353,1346.2
2013-10-28,1352,1359.2,1349
2013-10-29,1345.2,1359.7,1359.6
2013-10-30,1349,1355.8,1335.6
2013-10-31,1323.6,1334,1321.7
2013-11-01,1313.1,1325.7,1308
2013-11-04,1314.6,1320.5,1312.1
2013-11-05,1308,1317.5,1306.9
2013-11-06,1317.7,1318.6,1312.5
2013-11-07,1308.4,1323.6,1298
2013-11-08,1284.5,1308.1,1281.3
2013-11-11,1281,1281.8,1281
2013-11-12,1271.1,1282.3,1268.5
2013-11-13,1268.3,1280.5,1271.1
2013-11-14,1286.2,1293.3,1278.1
2013-11-15,1287.3,1288.5,1281.5
2013-11-18,1272.2,1284.8,1272.2
2013-11-19,1273.4,1275.2,1271
2013-11-20,1257.9,1269,1241.9
2013-11-21,1243.5,1247.1,1236.5
2013-11-22,1244,1247,1241.4
2013-11-25,1241.1,1240.7,1229
2013-11-26,1241.4,1243,1243
2013-11-27,1237.8,1254.8,1235.5
2013-11-28,1243.8,1245.3,1236.2
2013-11-29,1250.6,1254.5,1233.7
2013-12-02,1222.3,1251.5,1217.8
2013-12-03,1221.7,1225.7,1215.6
2013-12-04,1248.2,1250.4,1212.9
2013-12-05,1233.2,1241.5,1218.6
2013-12-06,1230.3,1242,1213
2013-12-09,1235.3,1243.2,1229
2013-12-10,1262.4,1267,1239
2013-12-11,1258.5,1261.9,1252.1
2013-12-12,1226,1255.4,1225.9
2013-12-13,1235.7,1239,1222.2
2013-12-16,1245.5,1250.6,1228.9
2013-12-17,1231.2,1240.4,1231.3
2013-12-18,1236.1,1245.1,1217
2013-12-19,1195,1226.6,1188.7
2013-12-20,1205.1,1207.8,1190.9
2013-12-23,1198.4,1205.2,1195.9
2013-12-24,1205.1,1205.6,1197.7
2013-12-26,1214.1,1215.9,1207.1
2013-12-27,1216.1,1218.5,1212.9
2013-12-30,1203.1,1215.5,1194.4
2013-12-31,1201.9,1212.4,1182
2014-01-01,1205.4,1205.4,1202.8
2014-01-02,1225,1227.3,1204.3
2014-01-03,1238.4,1239,1221.7
2014-01-06,1237.8,1247,1221.9
2014-01-07,1229.4,1242.4,1226
2014-01-08,1225.3,1227.5,1218.6
2014-01-09,1229.3,1229,1225.8
2014-01-10,1246.7,1246.8,1234
2014-01-13,1250.9,1252.7,1245.5
2014-01-14,1245.2,1251.3,1242
2014-01-15,1238.1,1243.2,1238.2
2014-01-16,1240,1242.8,1238.7
2014-01-17,1251.7,1254.3,1239.7
2014-01-20,1255.1,1257.9,1253.1
2014-01-21,1242.3,1257.5,1240
2014-01-22,1239,1242,1240.1
2014-01-23,1262.6,1264.2,1235.2
2014-01-24,1264.5,1269.4,1258.3
2014-01-27,1263.6,1264.4,1254.4
2014-01-28,1251,1258.4,1257.9
2014-01-29,1262.2,1262.2,1262.2
2014-01-30,1242.2,1267.7,1237.5
2014-01-31,1240.1,1254.5,1238.4
2014-02-03,1260.4,1266.3,1241.2
2014-02-04,1251.7,1260.7,1247.8
2014-02-05,1257.3,1273.7,1253.1
2014-02-06,1257.6,1267,1253.5
2014-02-07,1263.3,1271.4,1257.9
2014-02-10,1274.8,1277.3,1265.7
2014-02-11,1290.1,1292,1273.8
2014-02-12,1295.3,1296.2,1285.5
2014-02-13,1300.4,1303.5,1287.5
2014-02-14,1319,1320.7,1301.5
2014-02-17,1328.5,1332.2,1321.1
2014-02-18,1324.7,1330.6,1313.9
2014-02-19,1320.6,1321.6,1309.1
2014-02-20,1317.1,1323.5,1309.6
2014-02-21,1323.9,1328.3,1317.4
2014-02-24,1338.3,1339,1321.4
2014-02-25,1343,1343.9,1333.1
2014-02-26,1328.2,1344,1325.6
2014-02-27,1331.6,1335,1324.6
2014-02-28,1321.4,1332.6,1321.1
2014-03-03,1350.1,1354.1,1332.9
2014-03-04,1337.8,1350.4,1332.2
2014-03-05,1340.2,1341,1334.8
2014-03-06,1351.7,1351.6,1333.3
2014-03-07,1338.1,1352.7,1329.2
2014-03-10,1341.4,1344.7,1330.5
2014-03-11,1346.5,1352.4,1338.1
2014-03-12,1370.3,1370.5,1348.7
2014-03-13,1372.2,1374.5,1366.5
2014-03-14,1379,1386.6,1369.8
2014-03-17,1372.9,1391.4,1372.2
2014-03-18,1359,1361.8,1353.4
2014-03-19,1341.4,1358,1332.7
2014-03-20,1330.5,1333.7,1325.8
2014-03-21,1336,1339.1,1335
2014-03-24,1311.2,1333,1310.5
2014-03-25,1311.4,1315.5,1307.5
2014-03-26,1303.4,1315.2,1311.8
2014-03-27,1294.7,1294.7,1294.7
2014-03-28,1293.8,1299.4,1285.9
2014-03-31,1283.4,1298.8,1282.4
2014-04-01,1279.6,1287.9,1277.3
2014-04-02,1290.5,1294.1,1280.2
2014-04-03,1284.4,1293.6,1282.7
2014-04-04,1303.2,1306.1,1284.4
2014-04-07,1298,1304,1296.3
2014-04-08,1308.7,1314.1,1296.6
2014-04-09,1305.5,1313.6,1301.1
2014-04-10,1320.1,1323.8,1311.2
2014-04-11,1318.7,1322.8,1316.3
2014-04-14,1327.2,1330,1320.1
2014-04-15,1300,1322.7,1291.5
2014-04-16,1303.1,1304,1295
2014-04-17,1293.4,1303,1292.5
2014-04-21,1288,1299.2,1283.7
2014-04-22,1280.6,1291.6,1276
2014-04-23,1284.2,1287.7,1282.4
2014-04-24,1290.5,1297.9,1272.4
2014-04-25,1300.7,1304.6,1293.8
2014-04-28,1298.9,1305.4,1293
2014-04-29,1296,1300.5,1289.1
2014-04-30,1295.6,1296.5,1286.6
2014-05-01,1283.1,1288.7,1278
2014-05-02,1302.6,1302.7,1276.7
2014-05-05,1309,1314.2,1305.5
2014-05-06,1308.3,1309.4,1306.9
2014-05-07,1288.6,1312,1288
2014-05-08,1287.4,1291.5,1285.5
2014-05-09,1287.3,1287.3,1287.3
2014-05-12,1295.6,1295.9,1281.2
2014-05-13,1294.6,1295.5,1292
2014-05-14,1305.7,1306.9,1292.8
2014-05-15,1293.5,1302.5,1292.8
2014-05-16,1293.3,1293.3,1293.3
2014-05-19,1293.7,1293.7,1293.7
2014-05-20,1294.5,1290.7,1290.1
2014-05-21,1288,1287.4,1287.4
2014-05-22,1294.9,1295,1294.2
2014-05-23,1291.6,1293.4,1293.2
2014-05-25,1291.7,1294.2,1291.1
2014-05-26,1292.5,1294.4,1291.4
2014-05-27,1265.4,1291.9,1276
2014-05-28,1259.3,1259.3,1263.6
2014-05-29,1256.3,1260.6,1250.9
2014-05-30,1245.6,1259.6,1241.8
2014-06-02,1243.7,1250.7,1240.9
2014-06-03,1244.3,1247.5,1240.5
2014-06-04,1244,1248.8,1242.7
2014-06-05,1253,1256.6,1241.2
2014-06-06,1252.1,1256.6,1246.3
2014-06-09,1253.5,1256.1,1251.8
2014-06-10,1259.8,1262.3,1251
2014-06-11,1260.8,1264.4,1259.1
2014-06-12,1273.6,1274.5,1260
2014-06-13,1273.7,1274.7,1271.3
2014-06-16,1274.9,1283.5,1270.8
2014-06-17,1271.7,1272.8,1260.9
2014-06-18,1272.4,1272.7,1267.4
2014-06-19,1313.7,1321,1277.2
2014-06-20,1316.2,1321.4,1306.8
2014-06-23,1318,1316.9,1312.3
2014-06-24,1320.9,1325.6,1315.6
2014-06-25,1322.2,1323.4,1312
2014-06-26,1316.1,1319.6,1312.4
2014-06-27,1319,1320.9,1313.3
2014-06-30,1475.1,1328.7,1311.8
2014-07-01,1480.2,1331.4,1326.2
2014-07-02,1484.8,1330.7,1326.8
2014-07-03,1475.6,1327.7,1313
2014-07-04,1321.3,1324,1319.6
2014-07-07,1472,1320.3,1313.2
2014-07-08,1471.4,1323.5,1316
2014-07-09,1479.7,1330.4,1324
2014-07-10,1494.7,1343.7,1328
2014-07-11,1492.9,1339,1336.2
2014-07-14,1460.7,1332.8,1304.7
2014-07-15,1451.3,1312.1,1294.1
2014-07-16,1454.9,1303.1,1296.9
2014-07-17,1472.1,1323.8,1303.1
2014-07-18,1464.7,1322.7,1306.2
2014-07-21,1469.6,1315.5,1311
2014-07-22,1461.6,1306.1,1306.1
2014-07-23,1460.3,1304.5,1304.5
2014-07-24,1447.3,1297.5,1297.5
2014-07-25,1460.3,1294.8,1294.8
2014-07-28,1462,1308,1304.3
2014-07-29,1456.7,1310.9,1310
2014-07-30,1456.1,1303,1291
2014-07-31,1441.5,1297.3,1280.6
2014-08-01,1451.1,1296.6,1279.7
2014-08-04,1441.9,1295,1285.9
2014-08-05,1439,1292.7,1282.6
2014-08-06,1462.7,1309,1287.8
2014-08-07,1467.3,1313.2,1302.5
2014-08-08,1465.9,1322.1,1308
2014-08-11,1465.5,1309.7,1305.3
2014-08-12,1465.3,1315.8,1305.8
2014-08-13,1467.9,1312.6,1305
2014-08-14,1469.1,1316.4,1309.7
2014-08-15,1459.4,1312.8,1292
2014-08-18,1452.8,1302.1,1295.7
2014-08-19,1449,1301.7,1294
2014-08-20,1449,1295.8,1288.4
2014-08-21,1429.2,1290,1272
2014-08-22,1434.1,1280,1275
2014-08-25,1433.1,1424.9,1424.9
2014-08-26,1439.3,1289.5,1281.1
2014-08-27,1436.9,1282.3,1281.5
2014-08-28,1443.8,1293.7,1284.3
2014-08-29,1440.6,1289.7,1284.8
2014-08-31,1287.7,1289,1286.8
2014-09-01,1287.4,1290.9,1285.9
2014-09-02,1419,1286.4,1262.5
2014-09-03,1425.5,1271.1,1263.1
2014-09-04,1422.3,1272.7,1260.3
2014-09-05,1423.2,1268.1,1263.2
2014-09-08,1410.2,1268.4,1262.2
2014-09-09,1404.6,1246.8,1246.8
2014-09-10,1402,1256.7,1243.5
2014-09-11,1395.4,1237.4,1237.4
2014-09-12,1387.8,1227,1227
2014-09-15,1391.3,1235,1226.7
2014-09-16,1393,1238.3,1235.9
2014-09-17,1392,1236.2,1221.9
2014-09-18,1383.4,1220.4,1216.2
2014-09-19,1373.1,1218.3,1218.3
2014-09-22,1374.2,1214.9,1212.4
2014-09-23,1377.2,1221,1221
2014-09-24,1374.9,1216.8,1216.8
2014-09-25,1376.4,1216.1,1209.5
2014-09-26,1370.4,1214.1,1214.1
2014-09-29,1373.7,1222.2,1214.7
2014-09-30,1366.7,1218.2,1204
2014-10-01,1370.2,1217.8,1205.5
2014-10-02,1368.1,1219.5,1210.3
2014-10-03,1346.9,1212.4,1191
2014-10-06,1360.7,1338.3,1338.3
2014-10-07,1363.6,1210.8,1205.3
2014-10-08,1344.2,1217.9,1207
2014-10-09,1358.8,1229,1223.9
2014-10-10,1353.7,1223.5,1217
2014-10-13,1229.3,1234,1227
2014-10-14,1359.3,1235.9,1235.8
2014-10-15,1361.3,1247,1230.9
2014-10-16,1357.5,1243,1236.7
2014-10-17,1358.5,1237.5,1232.6
2014-10-20,1364.3,1244,1235.4
2014-10-21,1371.8,1251,1251
2014-10-22,1366.6,1244.8,1244.3
2014-10-23,1352.1,1228,1227.9
2014-10-24,1355,1232.7,1229.4
2014-10-27,1352.4,1230.2,1227.3
2014-10-28,1352.6,1231,1224.7
2014-10-29,1349.2,1224.3,1224.3
2014-10-30,1322.9,1214.7,1195.8
2014-10-31,1295.9,1199.7,1161.4
2014-11-03,1294.4,1172.3,1163.1
2014-11-04,1290.3,1171,1165
2014-11-05,1268.1,1168.7,1137.8
2014-11-06,1264.4,1147.5,1137.9
2014-11-07,1291,1169.7,1132.9
2014-11-10,1281.3,1171,1150.7
2014-11-11,1285.1,1170.5,1151.6
2014-11-12,1280.4,1168.1,1157.5
2014-11-13,1281.4,1164.5,1155
2014-11-14,1305.6,1191,1148
2014-11-17,1303.7,1186.9,1180.6
2014-11-18,1315.5,1197.1,1193.9
2014-11-19,1313.4,1198.3,1190
2014-11-20,1308.9,1191.9,1190.7
2014-11-21,1315.9,1202.4,1189
2014-11-24,1314.2,1197.9,1196.5
2014-11-25,1315.2,1197.1,1197.1
2014-11-26,1314.5,1201,1193.7
2014-11-27,1188.8,1199.3,1185.4
2014-11-28,1291.2,1198.3,1163.8
2014-12-01,1332.5,1220.4,1141.7
2014-12-02,1314.7,1212.3,1191.3
2014-12-03,1325.8,1213.7,1196.1
2014-12-04,1324.2,1213,1201.6
2014-12-05,1310.8,1206,1186.7
2014-12-08,1314.4,1207,1187.2
2014-12-09,1350.2,1238,1202
2014-12-10,1345.5,1234.6,1226.6
2014-12-11,1342.3,1232,1216.2
2014-12-12,1333.5,1227.8,1216.2
2014-12-15,1317.7,1223.1,1198
2014-12-16,1302,1222,1192.7
2014-12-17,1302.3,1199.6,1184
2014-12-18,1303.9,1207.3,1189.7
2014-12-19,1305.6,1200.8,1196.5
2014-12-22,1289.7,1198,1172.7
2014-12-23,1289.7,1180.3,1175
2014-12-24,1285.6,1179.3,1173.7
2014-12-25,1177,1178.9,1175
2014-12-26,1307.7,1194.4,1177.2
2014-12-29,1292.9,1186.5,1181.3
2014-12-30,1311.9,1210.3,1181.4
2014-12-31,1335.4,1335.4,1346.7
2015-01-01,1186.8,1187.5,1184.1
2015-01-02,1337.7,1337.7,1337.7
2015-01-05,1353.5,1340,1340
2015-01-06,1362.2,1362.2,1362.2
2015-01-07,1353.6,1353.6,1350.3
2015-01-08,1351.6,1351.6,1350
2015-01-09,1357.4,1357.4,1357.4
2015-01-12,1373.2,1357.4,1357.4
2015-01-13,1374.5,1377.4,1377.4
2015-01-14,1364.5,1364.5,1366.7
2015-01-15,1392.8,1380,1380
2015-01-16,1404.9,1404.9,1404.9
2015-01-18,1279,1281.9,1275.7
2015-01-19,1275.9,1279.5,1272.5
2015-01-20,1412.4,1380,1380
2015-01-21,1413.4,1391.1,1390.9
2015-01-22,1425.2,1425.2,1425.2
2015-01-23,1417.6,1417.6,1417.6
2015-01-26,1405.6,1405.6,1405.6
2015-01-27,1414.7,1414.7,1414.7
2015-01-28,1402.2,1402.2,1402.2
2015-01-29,1363.8,1380.2,1380.2
2015-01-30,1384.6,1384.6,1384.6
2015-02-02,1382.4,1382.4,1382.4
2015-02-03,1367.3,1367.3,1367.3
2015-02-04,1373.4,1367,1367
2015-02-05,1354.9,1354.9,1354.9
2015-02-06,1332.6,1332.6,1332.6
2015-02-09,1339.9,1339.9,1339.9
2015-02-10,1331.2,1331.2,1331.2
2015-02-11,1319.2,1319.2,1319.2
2015-02-12,1318.7,1318.7,1318.7
2015-02-13,1325.2,1325.2,1325.2
2015-02-15,1228.8,1229.3,1227.8
2015-02-16,1231.7,1236.4,1228.5
2015-02-17,1309.9,1323.3,1323.3
2015-02-18,1301.5,1301.5,1301.5
2015-02-19,1306.9,1306.9,1306.9
2015-02-20,1303.2,1303.2,1303.2
2015-02-23,1298.7,1298.7,1298.7
2015-02-24,1293.1,1293.1,1293.1
2015-02-25,1296,1296,1296
2015-02-26,1306.1,1306.1,1306.1
2015-02-27,1309.4,1309.4,1309.4
2015-03-02,1305.8,1305.8,1305.8
2015-03-03,1304.2,1304.2,1304.2
2015-03-04,1300.6,1300.6,1300.6
2015-03-05,1296.1,1296.1,1296.1
2015-03-06,1265.6,1265.6,1265.6
2015-03-09,1268,1268,1268
2015-03-10,1258.1,1258.1,1258.1
2015-03-11,1248.4,1248.4,1248.4
2015-03-12,1249,1249,1249
2015-03-13,1248.9,1248.9,1248.9
2015-03-16,1249.3,1249.3,1249.3
2015-03-17,1244.5,1244.5,1244.5
2015-03-18,1247.5,1247.5,1247.5
2015-03-19,1259.5,1259.5,1259.5
2015-03-20,1274.7,1274.7,1274.7
2015-03-23,1277.5,1277.5,1277.5
2015-03-24,1281.2,1281.2,1281.2
2015-03-25,1287.3,1287.3,1287.3
2015-03-26,1297,1297,1297
2015-03-27,1291.9,1291.9,1291.9
2015-03-30,1276.4,1276.4,1276.4
2015-03-31,1272.2,1272.2,1272.2
2015-04-01,1294.2,1294.2,1294.2
2015-04-02,1288.2,1288.2,1288.2
2015-04-03,1288.2,1288.2,1288.2
2015-04-06,1305.4,1305.4,1305.4
2015-04-07,1298.4,1298.4,1298.4
2015-04-08,1291.1,1291.1,1291.1
2015-04-09,1281.6,1281.6,1281.6
2015-04-10,1293.3,1293.3,1293.3
2015-04-13,1287.8,1287.8,1287.8
2015-04-14,1278.1,1278.1,1278.1
2015-04-15,1286.5,1286.5,1286.5
2015-04-16,1283,1283,1283
2015-04-17,1288.1,1288.1,1288.1
2015-04-20,1279.3,1279.3,1279.3
2015-04-21,1289.1,1289.1,1289.1
2015-04-22,1274.7,1274.7,1274.7
2015-04-23,1282,1282,1282
2015-04-24,1260.4,1260.4,1260.4
2015-04-27,1289.2,1289.2,1289.2
2015-04-28,1301.4,1301.4,1301.4
2015-04-29,1300,1300,1300
2015-04-30,1273,1273,1273
2015-05-01,1266.1,1266.1,1266.1
2015-05-04,1279,1279,1279
2015-05-05,1288.2,1288.2,1288.2
2015-05-06,1286.7,1286.7,1286.7
2015-05-07,1278.5,1278.5,1278.5
2015-05-08,1282.5,1282.5,1282.5
2015-05-11,1277.3,1277.3,1277.3
2015-05-12,1287,1287,1287
2015-05-13,1312.2,1312.2,1312.2
2015-05-14,1319,1319,1319
2015-05-15,1318.9,1318.9,1318.9
2015-05-18,1321.2,1321.2,1321.2
2015-05-19,1301.4,1318.2,1317.5
2015-05-20,1303.5,1303.5,1303.5
2015-05-21,1298.1,1298.1,1296.5
2015-05-22,1299.7,1299.7,1292
2015-05-24,1204.4,1205.8,1203.9
2015-05-25,1207.4,1209,1203.3
2015-05-26,1282.2,1288.9,1280
2015-05-27,1278.6,1278.6,1279
2015-05-28,1280.5,1280.5,1278
2015-05-29,1280.7,1280.7,1276.5
2015-06-01,1280.4,1280.4,1280.4
2015-06-02,1287.8,1287.8,1287.8
2015-06-03,1279.9,1279.9,1279.9
2015-06-04,1270.1,1270.1,1268.5
2015-06-05,1266.6,1266.8,1263
2015-06-08,1272,1272,1272
2015-06-09,1276.8,1276.8,1276.8
2015-06-10,1288.6,1288.6,1288.6
2015-06-11,1282.6,1282.6,1282.6
2015-06-12,1281,1281,1281
2015-06-15,1285.8,1285.8,1285.8
2015-06-16,1279.4,1279.4,1279.4
2015-06-17,1276.9,1276.9,1276.9
2015-06-18,1300.8,1300.8,1300.8
2015-06-19,1299.4,1299.4,1296
2015-06-22,1282.1,1282.1,1282.1
2015-06-23,1274.8,1274.8,1274.8
2015-06-24,1271,1271,1271
2015-06-25,1270.3,1270.3,1270.3
2015-06-26,1273.1,1273.1,1270
2015-06-29,1278,1278,1278
2015-06-30,1270.8,1270.8,1270.8
2015-07-01,1268.5,1268.5,1268
2015-07-02,1261.5,1261.5,1261.5
2015-07-03,1167.8,1169,1164.6
2015-07-06,1270.6,1270.6,1270.6
2015-07-07,1249.5,1249.5,1249.5
2015-07-08,1258.6,1258.6,1258.6
2015-07-09,1255.1,1255.1,1255.1
2015-07-10,1256.6,1256.6,1256.6
2015-07-13,1255,1255,1255
2015-07-14,1252.4,1252.4,1252.4
2015-07-15,1246.3,1246.3,1246.3
2015-07-16,1243.2,1243.2,1243.2
2015-07-17,1230.7,1230.7,1230.7
2015-07-20,1205.5,1205.5,1205.5
2015-07-21,1199.5,1199.5,1199.5
2015-07-22,1187.6,1187.6,1187.6
2015-07-23,1190.1,1190.1,1190.1
2015-07-24,1180,1180,1180
2015-07-27,1190.6,1190.6,1190.6
2015-07-28,1190.6,1190.6,1190.6
2015-07-29,1187.5,1187.5,1187.5
2015-07-30,1183.4,1183.4,1183.4
2015-07-31,1183.1,1183.1,1183.1
2015-08-03,1176.8,1176.8,1176.8
2015-08-04,1178.7,1178.7,1178.7
2015-08-05,1177.1,1177.1,1177.1
2015-08-06,1181.6,1181.6,1181.6
2015-08-07,1185.8,1185.8,1185.8
2015-08-10,1195.8,1195.8,1195.8
2015-08-11,1197.7,1197.7,1197.7
2015-08-12,1213,1213,1213
2015-08-13,1205.1,1205.1,1205.1
2015-08-14,1202.3,1202.3,1202.3
2015-08-17,1207.9,1207.9,1207.9
2015-08-18,1206.3,1206.3,1206.3
2015-08-19,1217.1,1217.1,1217.1
2015-08-20,1242.2,1242.2,1242.2
2015-08-21,1246.8,1246.8,1246.8
2015-08-24,1238.9,1238.9,1238.9
2015-08-25,1223.7,1223.7,1223.7
2015-08-26,1209,1209,1209
2015-08-27,1207.2,1207.2,1207.2
2015-08-28,1218.4,1218.4,1218.4
2015-08-31,1216.9,1216.9,1216.9
2015-09-01,1221.3,1221.3,1221.3
2015-09-02,1214.4,1214.4,1214.4
2015-09-03,1203.5,1203.5,1203.5
2015-09-04,1200.5,1200.5,1200.5
2015-09-06,1119.9,1123.1,1119.6
2015-09-07,1119.9,1124,1115.2
2015-09-08,1199.9,1199.9,1199.9
2015-09-09,1180.7,1180.7,1180.7
2015-09-10,1187.9,1187.9,1187.9
2015-09-11,1181.9,1181.9,1181.9
2015-09-14,1185.7,1185.7,1185.7
2015-09-15,1180.5,1180.5,1180.5
2015-09-16,1196.3,1188.4,1188.4
2015-09-17,1194.9,1194.9,1194.9
2015-09-18,1214.1,1214.1,1214.1
2015-09-21,1209.4,1209.4,1209.4
2015-09-22,1199.6,1199.6,1199.6
2015-09-23,1206.3,1206.3,1206.3
2015-09-24,1226.9,1226.9,1226.9
2015-09-25,1218.8,1218.8,1218.8
2015-09-28,1204.4,1204.4,1204.4
2015-09-29,1199.1,1199.1,1199.1
2015-09-30,1183.6,1183.6,1183.6
2015-10-01,1182.1,1182.1,1182.1
2015-10-02,1204.2,1204.2,1204.2
2015-10-05,1203.5,1203.5,1203.5
2015-10-06,1211.3,1211.3,1211.3
2015-10-07,1214,1214,1214
2015-10-08,1209.9,1209.9,1209.9
2015-10-09,1222.4,1222.4,1222.4
2015-10-12,1231.1,1231.1,1231.1
2015-10-13,1231.7,1231.7,1231.7
2015-10-14,1243.6,1243.6,1243.6
2015-10-15,1251.4,1251.4,1251.4
2015-10-16,1246.6,1246.6,1246.6
2015-10-19,1236.3,1236.3,1236.3
2015-10-20,1240.9,1240.9,1240.9
2015-10-21,1229.7,1229.7,1229.7
2015-10-22,1228.2,1228.2,1228.2
2015-10-23,1218.7,1218.7,1218.7
2015-10-26,1220.3,1220.3,1220.3
2015-10-27,1218.2,1218.2,1218.2
2015-10-28,1229.3,1229.3,1229.3
2015-10-29,1201.8,1201.8,1201.8
2015-10-30,1195.2,1195.2,1195.2
2015-11-02,1190.4,1190.4,1190.4
2015-11-03,1168.6,1168.6,1168.6
2015-11-04,1161.2,1161.2,1161.2
2015-11-05,1160.1,1160.1,1160.1
2015-11-06,1147.9,1147.9,1147.9
2015-11-09,1149.2,1149.2,1149.2
2015-11-10,1149.4,1149.4,1149.4
2015-11-11,1145.4,1145.4,1145.4
2015-11-12,1141.3,1141.3,1141.3
2015-11-13,1141.3,1141.3,1141.3
2015-11-16,1142.5,1142.5,1142.5
2015-11-17,1126.9,1138.4,1131
2015-11-18,1126.9,1126.9,1126.9
2015-11-19,1135.6,1135.2,1135.2
2015-11-20,1133.8,1133.8,1133.8
2015-11-23,1124.7,1124.7,1124.7
2015-11-24,1131.6,1131.6,1131.6
2015-11-25,1128.4,1128.4,1128.4
2015-11-26,1070.8,1074.2,1069.2
2015-11-27,1114.5,1114.5,1114.5
2015-11-30,1123.9,1123.9,1123.9
2015-12-01,1122,1122,1122
2015-12-02,1112.4,1112.4,1112.4
2015-12-03,1120.6,1120.6,1120.6
2015-12-04,1143.2,1143.2,1143.2
2015-12-07,1134.3,1134.3,1134.3
2015-12-08,1134,1134,1134
2015-12-09,1134.9,1134.9,1134.9
2015-12-10,1130.3,1130.3,1130.3
2015-12-11,1133.8,1133.8,1133.8
2015-12-14,1121.4,1121.4,1121.4
2015-12-15,1119.8,1119.8,1119.8
2015-12-16,1135.3,1135.3,1135.3
2015-12-17,1108.1,1108.1,1108.1
2015-12-18,1123.3,1123.3,1123.3
2015-12-21,1140.5,1140.5,1140.5
2015-12-22,1134,1134,1134
2015-12-23,1128.2,1128.2,1128.2
2015-12-24,1135.9,1135.9,1135.9
2015-12-28,1128.1,1128.1,1128.1
2015-12-29,1128.6,1128.6,1128.6
2015-12-30,1120.8,1120.8,1120.8
2015-12-31,1121,1121,1121
2016-01-04,1135.5,1135.5,1135.5
2016-01-05,1138.4,1138.4,1138.4
2016-01-06,1151.9,1151.9,1151.9
2016-01-07,1162.7,1162.7,1162.7
2016-01-08,1151.7,1151.7,1151.7
2016-01-11,1148.5,1148.5,1148.5
2016-01-12,1137.1,1137.1,1137.1
2016-01-13,1137.4,1137.4,1137.4
2016-01-14,1123,1123,1123
2016-01-15,1137.5,1137.5,1137.5
2016-01-17,1090.3,1090.8,1088.6
2016-01-18,1088.5,1093.3,1087.4
2016-01-19,1135.8,1135.8,1135.8
2016-01-20,1151.7,1151.7,1151.7
2016-01-21,1143.6,1143.6,1143.6
2016-01-22,1142.6,1142.6,1142.6
2016-01-25,1152.4,1152.4,1152.4
2016-01-26,1167.3,1167.3,1167.3
2016-01-27,1163.9,1163.9,1163.9
2016-01-28,1163.7,1163.7,1163.7
2016-01-29,1161.9,1161.9,1161.9
2016-02-01,1173.5,1173.5,1173.5
2016-02-02,1170.1,1170.1,1170.1
2016-02-03,1183.3,1183.3,1183.3
2016-02-04,1197.7,1197.7,1197.7
2016-02-05,1198,1220.4,1220.4
2016-02-08,1238.2,1243.8,1243.8
2016-02-09,1236.9,1236.9,1236.9
2016-02-10,1232.6,1232.6,1232.6
2016-02-11,1282.1,1269,1269
2016-02-12,1271.2,1271.2,1271.2
2016-02-14,1233.6,1235.9,1231.4
2016-02-15,1208.1,1235.1,1202.8
2016-02-16,1241.1,1230,1230
2016-02-17,1247.2,1247.2,1247.2
2016-02-18,1262.5,1262.5,1262.5
2016-02-19,1267.4,1267.4,1267.4
2016-02-22,1246.7,1246,1246
2016-02-23,1261.4,1261.4,1261.4
2016-02-24,1277.1,1277.1,1277.1
2016-02-25,1277,1277,1277
2016-02-26,1258.8,1258.8,1258.8
2016-02-29,1273.3,1273.3,1273.3
2016-03-01,1271.2,1271.2,1271.2
2016-03-02,1283,1283,1283
2016-03-03,1300.7,1300.7,1300.7
2016-03-04,1315.6,1315.6,1315.6
2016-03-07,1310.3,1310.3,1310.3
2016-03-08,1309,1309,1309
2016-03-09,1303.4,1304,1304
2016-03-10,1320.1,1299,1299
2016-03-11,1308.6,1308.6,1308.6
2016-03-14,1294.4,1286.4,1285
2016-03-15,1280.2,1280.2,1280.2
2016-03-16,1280.9,1280.9,1280.9
2016-03-17,1314.1,1314.1,1314.1
2016-03-18,1302,1302,1302
2016-03-21,1292.7,1292.7,1292.7
2016-03-22,1298.8,1298.8,1298.8
2016-03-23,1274,1299,1269.7
2016-03-24,1272.4,1272.4,1272.4
2016-03-25,1216.7,1216.7,1216.7
2016-03-28,1270.7,1270.7,1270.7
2016-03-29,1286.3,1286.3,1286.3
2016-03-30,1276.9,1276.9,1276.9
2016-03-31,1280.9,1280.9,1280.9
2016-04-01,1268.9,1268.9,1268.9
2016-04-04,1264.7,1264.7,1264.7
2016-04-05,1274.5,1274.5,1274.5
2016-04-06,1268.8,1268.8,1268.8
2016-04-07,1282.3,1282.3,1282.3
2016-04-08,1287.3,1287.3,1287.3
2016-04-11,1302.4,1302.4,1302.4
2016-04-12,1306.4,1306.4,1306.4
2016-04-13,1293.9,1293.9,1293.9
2016-04-14,1272.1,1272.1,1272.1
2016-04-15,1279.7,1279.7,1279.7
2016-04-18,1280.3,1280.3,1280.3
2016-04-19,1300.8,1300.8,1300.8
2016-04-20,1302.3,1302.3,1302.3
2016-04-21,1299.5,1299.5,1299.5
2016-04-22,1278.8,1278.8,1278.8
2016-04-25,1289.1,1289.1,1289.1
2016-04-26,1292.4,1292.4,1292.4
2016-04-27,1299.8,1299.8,1299.8
2016-04-28,1316.8,1316.8,1316.8
2016-04-29,1341.4,1341.4,1341.4
2016-05-02,1347.3,1347.3,1347.3
2016-05-03,1342.8,1342.8,1342.8
2016-05-04,1324.3,1324.3,1324.3
2016-05-05,1317.8,1317.8,1317.8
2016-05-06,1340.1,1340.1,1340.1
2016-05-09,1312.9,1312.9,1312.9
2016-05-10,1311.3,1311.3,1311.3
2016-05-11,1322.6,1322.6,1322.6
2016-05-12,1317.7,1317.7,1317.7
2016-05-13,1319.5,1319.5,1319.5
2016-05-16,1321.8,1321.8,1321.8
2016-05-17,1324.9,1324.9,1324.9
2016-05-18,1324.3,1324.3,1324.3
2016-05-19,1305.9,1305.9,1305.9
2016-05-20,1305.9,1305.9,1305.9
2016-05-23,1304.9,1304.9,1304.9
2016-05-24,1282.7,1282.7,1282.7
2016-05-25,1277.4,1277.4,1277.4
2016-05-26,1273.6,1273.6,1273.6
2016-05-27,1267.6,1267.6,1267.6
2016-05-30,1212.15,1213.15,1201.8
2016-05-31,1269.3,1269.3,1269.3
2016-06-01,1267.2,1267.2,1267.2
2016-06-02,1264.9,1264.9,1264.9
2016-06-03,1294.6,1294.6,1294.6
2016-06-06,1299.4,1299.4,1299.4
2016-06-07,1298.8,1298.8,1298.8
2016-06-08,1314,1314,1314
2016-06-09,1324.4,1324.4,1324.4
2016-06-10,1327.7,1327.7,1327.7
2016-06-13,1337.7,1337.7,1337.7
2016-06-14,1335.2,1335.2,1335.2
2016-06-15,1335,1335,1335
2016-06-16,1345.6,1345.6,1345.6
2016-06-17,1342.9,1342.9,1342.9
2016-06-20,1344.2,1344.2,1344.2
2016-06-21,1324.6,1324.6,1324.6
2016-06-22,1322.1,1322.1,1322.1
2016-06-23,1317.7,1317.7,1317.7
2016-06-24,1376.8,1376.8,1376.8
2016-06-27,1378.8,1378.8,1378.8
2016-06-28,1372.2,1372.2,1372.2
2016-06-29,1381.4,1381.4,1381.4
2016-06-30,1375,1375,1375
2016-07-01,1394.3,1394.3,1394.3
2016-07-03,1345.5,1347.55,1338.85
2016-07-04,1352,1360.15,1343
2016-07-05,1414.4,1414.4,1414.4
2016-07-06,1422.8,1422.8,1422.8
2016-07-07,1415,1415,1415
2016-07-08,1412,1412,1412
2016-07-11,1411.3,1411.3,1411.3
2016-07-12,1390.7,1390.7,1390.7
2016-07-13,1399,1399,1399
2016-07-14,1387.7,1387.7,1387.7
2016-07-15,1383.5,1383.5,1383.5
2016-07-18,1385.4,1385.4,1385.4
2016-07-19,1392.3,1392.3,1392.3
2016-07-20,1379.7,1379.7,1379.7
2016-07-21,1392.2,1392.2,1392.2
2016-07-22,1385.5,1385.5,1385.5
2016-07-25,1381.3,1381.3,1381.3
2016-07-26,1382.6,1382.6,1382.6
2016-07-27,1392,1392,1392
2016-07-28,1398.8,1402.8,1402.8
2016-07-29,1415.7,1415.7,1415.7
2016-08-01,1416.2,1416.2,1416.2
2016-08-02,1429.4,1429.4,1429.4
2016-08-03,1423.9,1423.9,1423.9
2016-08-04,1427.9,1427.9,1427.9
2016-08-05,1407.9,1407.9,1407.9
2016-08-08,1405.3,1405.3,1405.3
2016-08-09,1410.6,1409.9,1409.9
2016-08-10,1415.6,1415.6,1415.6
2016-08-11,1414,1414,1414
2016-08-12,1406.8,1406.8,1406.8
2016-08-15,1410.6,1410.6,1410.6
2016-08-16,1419,1410.7,1410.7
2016-08-17,1410.6,1410.6,1410.6
2016-08-18,1419.1,1419.1,1419.1
2016-08-19,1408,1408,1408
2016-08-22,1405.2,1405.2,1405.2
2016-08-23,1407.8,1407.8,1407.8
2016-08-24,1390.4,1389,1389
2016-08-25,1384,1384.4,1384.4
2016-08-26,1383.2,1383.2,1383.2
2016-08-29,1384.4,1384.4,1384.4
2016-08-30,1374.5,1374.5,1374.5
2016-08-31,1367.9,1367.9,1367.9
2016-09-01,1372.6,1372.6,1372.6
2016-09-02,1385.3,1385.3,1385.3
2016-09-04,1326.25,1328.75,1326.15
2016-09-05,1331.1,1332.15,1325.55
2016-09-06,1411.1,1411.1,1411.1
2016-09-07,1407.1,1407.1,1407.1
2016-09-08,1400.2,1400.2,1400.2
2016-09-09,1393.1,1393.1,1393.1
2016-09-12,1384.4,1384.4,1384.4
2016-09-13,1380.8,1380.8,1380.8
2016-09-14,1383.3,1386.7,1379.2
2016-09-15,1374.9,1379.3,1378
2016-09-16,1367.1,1367.1,1367.1
2016-09-19,1374.4,1374.4,1374.4
2016-09-20,1374.7,1374.7,1374.7
2016-09-21,1388.3,1388.3,1388.3
2016-09-22,1399.2,1399.2,1399.2
2016-09-23,1396,1396,1396
2016-09-26,1398.6,1398.6,1398.6
2016-09-27,1384.4,1384.4,1384.4
2016-09-28,1376.7,1376.7,1376.7
2016-09-29,1379.1,1379.1,1379.1
2016-09-30,1370.4,1383.5,1383.5
2016-10-03,1365.9,1365.9,1365.9
2016-10-04,1322.1,1322.1,1322.1
2016-10-05,1321.3,1321.3,1321.3
2016-10-06,1305.5,1305.5,1305.5
2016-10-07,1304.5,1304.5,1304.5
2016-10-10,1313.9,1313.9,1313.9
2016-10-11,1309.5,1309.5,1309.5
2016-10-12,1307.7,1307.7,1307.7
2016-10-13,1312.3,1312.3,1312.3
2016-10-14,1310.4,1310.4,1310.4
2016-10-17,1311.8,1311.8,1311.8
2016-10-18,1318.6,1318.6,1318.6
2016-10-19,1325.2,1325.2,1325.2
2016-10-20,1323.5,1323.5,1323.5
2016-10-21,1323,1323,1323
2016-10-24,1317.2,1317.2,1317.2
2016-10-25,1331.6,1331.6,1331.6
2016-10-26,1324.6,1324.6,1324.6
2016-10-27,1330,1330,1330
2016-10-28,1337.1,1337.1,1337.1
2016-10-31,1333.7,1333.7,1333.7
2016-11-01,1348,1348,1348
2016-11-02,1368,1368,1368
2016-11-03,1363.8,1363.8,1363.8
2016-11-04,1365.7,1365.7,1365.7
2016-11-07,1340.4,1340.4,1340.4
2016-11-08,1336.2,1336.2,1336.2
2016-11-09,1335.7,1334,1334
2016-11-10,1326.6,1326.6,1326.6
2016-11-11,1282.7,1282.7,1282.7
2016-11-14,1286.9,1286.9,1286.9
2016-11-15,1290.9,1290.9,1290.9
2016-11-16,1290.3,1290.3,1290.3
2016-11-17,1283.8,1283.8,1283.8
2016-11-18,1276.4,1276.4,1276.4
2016-11-21,1276.8,1276.8,1276.8
2016-11-22,1278,1278,1278
2016-11-23,1256.9,1256.9,1256.9
2016-11-24,1185.55,1190.3,1179.75
2016-11-25,1245.5,1245.5,1245.5
2016-11-28,1258.6,1258.6,1258.6
2016-11-29,1255.5,1255.5,1255.5
2016-11-30,1238.4,1238.4,1238.4
2016-12-01,1233.7,1233.7,1233.7
2016-12-02,1242.4,1242.4,1242.4
2016-12-05,1241.7,1236.7,1236.7
2016-12-06,1235,1235,1235
2016-12-07,1250.6,1250.6,1250.6
2016-12-08,1246.4,1246.4,1246.4
2016-12-09,1236,1236,1236
2016-12-12,1240.3,1240.3,1240.3
2016-12-13,1233.6,1233.6,1233.6
2016-12-14,1238.3,1238.3,1238.3
2016-12-15,1213.1,1213.1,1213.1
2016-12-16,1220.9,1220.9,1220.9
2016-12-19,1225.9,1225.9,1225.9
2016-12-20,1217,1217,1217
2016-12-21,1216.5,1216.5,1216.5
2016-12-22,1213.8,1213.8,1213.8
2016-12-23,1216.8,1216.8,1216.8
2016-12-25,1135,1135,1135
2016-12-26,1134.55,1136.05,1134
2016-12-27,1221.9,1221.9,1221.9
2016-12-28,1224,1224,1224
2016-12-29,1241.2,1241.2,1241.2
2016-12-30,1234.5,1239,1239
2017-01-02,1151.05,1153.25,1150
2017-01-03,1244.7,1234,1232.4
2017-01-04,1247.1,1247.1,1247.1
2017-01-05,1262.1,1262.1,1262.1
2017-01-06,1255.7,1256,1256
2017-01-09,1267.6,1262.8,1262.8
2017-01-10,1268.5,1268.5,1268.5
2017-01-11,1280,1280,1280
2017-01-12,1283.3,1283.3,1283.3
2017-01-13,1281.3,1281.3,1281.3
2017-01-15,1203.35,1205.05,1197.3
2017-01-16,1202.85,1208.45,1200
2017-01-17,1297.4,1297.4,1297.4
2017-01-18,1295.7,1295.7,1295.7
2017-01-19,1285.5,1284,1284
2017-01-20,1289.2,1289.2,1289.2
2017-01-23,1298.9,1298.9,1298.9
2017-01-24,1294.1,1299.6,1295.4
2017-01-25,1281.1,1281.1,1281.1
2017-01-26,1272.9,1275.1,1275.1
2017-01-27,1271.7,1271.7,1271.7
2017-01-30,1276.4,1276.4,1276.4
2017-01-31,1291.8,1291.8,1291.8
2017-02-01,1289.5,1291,1289
2017-02-02,1300.6,1300.6,1300.6
2017-02-03,1302.2,1302.2,1302.2
2017-02-06,1313.3,1313.3,1313.3
2017-02-07,1316.4,1314.1,1314.1
2017-02-08,1318.3,1323.9,1323.9
2017-02-09,1315.4,1315.4,1315.4
2017-02-10,1314.5,1319,1319
2017-02-13,1304.9,1304.9,1304.9
2017-02-14,1304.9,1304.9,1304.9
2017-02-15,1314.2,1314.2,1314.2
2017-02-16,1322.7,1322.7,1322.7
2017-02-17,1319.4,1319.4,1319.4
2017-02-19,1237.3,1239.25,1236
2017-02-20,1238.2,1240.15,1233.5
2017-02-21,1319.2,1319.2,1319.2
2017-02-22,1313.3,1313.3,1313.3
2017-02-23,1331.7,1331.7,1331.7
2017-02-24,1338.4,1338.4,1338.4
2017-02-27,1339.1,1339.1,1339.1
2017-02-28,1334.3,1334.3,1334.3
2017-03-01,1331.1,1331.1,1331.1
2017-03-02,1313.9,1313.9,1313.9
2017-03-03,1308.8,1308.8,1308.8
2017-03-06,1307.3,1307.3,1307.3
2017-03-07,1297.7,1307.6,1307.5
2017-03-08,1291.9,1291.9,1291.9
2017-03-09,1285.7,1285.7,1285.7
2017-03-10,1284,1284,1284
2017-03-13,1286.6,1294,1294
2017-03-14,1286.3,1286.3,1286.3
2017-03-15,1284.3,1284.3,1284.3
2017-03-16,1310.7,1310.7,1310.7
2017-03-17,1313.6,1313.6,1313.6
2017-03-20,1317.2,1317.2,1317.2
2017-03-21,1329,1316.5,1316.5
2017-03-22,1331.5,1331.5,1331.5
2017-03-23,1328.5,1328.5,1328.5
2017-03-24,1330.4,1330.4,1330.4
2017-03-27,1337.4,1337.4,1337.4
2017-03-28,1337.5,1338.7,1338.7
2017-03-29,1335.5,1335.5,1335.5
2017-03-30,1326.7,1344,1341.3
2017-03-31,1329.8,1339,1339
2017-04-03,1332.7,1332.7,1332.7
2017-04-04,1336.8,1333.1,1333.1
2017-04-05,1327.5,1327.5,1327.5
2017-04-06,1332.4,1332.4,1332.4
2017-04-07,1336.8,1336.8,1336.8
2017-04-10,1333.3,1333.3,1333.3
2017-04-11,1353.4,1353.4,1353.4
2017-04-12,1357.3,1357.3,1357.3
2017-04-13,1366.7,1366.7,1366.7
2017-04-14,1289.65,1289.65,1289.65
2017-04-17,1369.8,1369.8,1369.8
2017-04-18,1370.9,1370.9,1370.9
2017-04-19,1360.5,1360.5,1360.5
2017-04-20,1361.7,1361.7,1361.7
2017-04-21,1367,1378,1359.8
2017-04-24,1355.8,1355.8,1355.8
2017-04-25,1346,1346,1346
2017-04-26,1343,1343,1343
2017-04-27,1344.7,1344.7,1344.7
2017-04-28,1347.1,1347.1,1347.1
2017-05-01,1334.6,1334.6,1334.6
2017-05-02,1336.1,1336.1,1336.1
2017-05-03,1327.6,1326.9,1326.9
2017-05-04,1307.4,1312.1,1312.1
2017-05-05,1305.8,1305.8,1305.8
2017-05-08,1306.1,1306.1,1306.1
2017-05-09,1295.1,1306.1,1303.2
2017-05-10,1297.6,1305.2,1305
2017-05-11,1302.9,1302.9,1302.9
2017-05-12,1305.7,1305.7,1305.7
2017-05-15,1308,1308,1307.5
2017-05-16,1314.4,1312.7,1312.7
2017-05-17,1336.2,1336.2,1336.2
2017-05-18,1329.2,1340,1339.8
2017-05-19,1329.9,1329.9,1329.9
2017-05-22,1338,1338,1338
2017-05-23,1332.1,1332.1,1332.1
2017-05-24,1329.7,1329.7,1329.7
2017-05-25,1333.3,1333.3,1333.3
2017-05-26,1344.8,1344.8,1344.8
2017-05-28,1268.22,1269.02,1266.31
2017-05-29,1266.69,1268.6,1264.96
2017-05-30,1339.1,1339.1,1339.1
2017-05-31,1348.5,1348.5,1348.5
2017-06-01,1343.2,1343.2,1343.2
2017-06-02,1353.1,1353.1,1353.1
2017-06-05,1355.6,1355.6,1355.6
2017-06-06,1370,1370,1370
2017-06-07,1365.6,1365.6,1365.6
2017-06-08,1351.9,1351.9,1351.9
2017-06-09,1343.9,1343.9,1343.9
2017-06-12,1341.5,1341.5,1341.5
2017-06-13,1341.2,1342.8,1342.8
2017-06-14,1348.2,1348.2,1348.2
2017-06-15,1326.8,1326.8,1326.8
2017-06-16,1328.5,1328.5,1328.5
2017-06-19,1318.8,1318.8,1318.8
2017-06-20,1315.2,1315.2,1315.2
2017-06-21,1317.1,1317.1,1317.1
2017-06-22,1320.4,1320.4,1320.4
2017-06-23,1327.7,1327.7,1327.7
2017-06-26,1317.7,1317.7,1317.7
2017-06-27,1318.4,1318.4,1318.4
2017-06-28,1320.8,1320.8,1320.8
2017-06-29,1317.7,1322.8,1313.7
2017-06-30,1314,1314,1314
2017-07-03,1290.9,1289.9,1289
2017-07-04,1227.55,1228.03,1221.49
2017-07-05,1293.9,1293.9,1293.9
2017-07-06,1296.7,1296.7,1296.7
2017-07-07,1282.4,1282.3,1282.3
2017-07-10,1286,1286,1286
2017-07-11,1287.7,1287.7,1287.7
2017-07-12,1291.2,1291.2,1291.2
2017-07-13,1288.5,1288.5,1288.5
2017-07-14,1298.8,1289,1289
2017-07-17,1305.4,1305.4,1305.4
2017-07-18,1313.5,1313.5,1313.5
2017-07-19,1313.7,1313.7,1313.7
2017-07-20,1317.1,1317.1,1317.1
2017-07-21,1325.9,1325.9,1325.9
2017-07-24,1325.4,1323.6,1323.6
2017-07-25,1323.2,1323.2,1323.2
2017-07-26,1322.4,1322.4,1322.4
2017-07-27,1333.7,1333.7,1333.7
2017-07-28,1342.6,1342.6,1342.6
2017-07-31,1340.7,1340.7,1340.7
2017-08-01,1346.3,1346.3,1346.3
2017-08-02,1345.5,1345.5,1345.5
2017-08-03,1341.6,1341.6,1341.6
2017-08-04,1331.7,1331.7,1331.7
2017-08-07,1332,1326.4,1326.4
2017-08-08,1330.4,1330.4,1330.4
2017-08-09,1347,1347,1347
2017-08-10,1357.8,1357.8,1357.8
2017-08-11,1361.4,1361.4,1361.4
2017-08-14,1358.1,1358.1,1358.1
2017-08-15,1347.5,1347.5,1347.5
2017-08-16,1350.8,1350.8,1350.8
2017-08-17,1359.9,1359.9,1359.9
2017-08-18,1358.8,1372.5,1362.7
2017-08-21,1364.1,1364.1,1364.1
2017-08-22,1358.6,1358.6,1358.6
2017-08-23,1361.7,1361.7,1361.7
2017-08-24,1358.9,1358.9,1358.9
2017-08-25,1364.8,1364.8,1364.8
2017-08-28,1382.6,1381.9,1381.9
2017-08-29,1385.7,1385.7,1385.7
2017-08-30,1380.9,1380.9,1380.9
2017-08-31,1388.5,1393.7,1389.5
2017-09-01,1397.1,1397.1,1397.1
2017-09-03,1341.22,1342.07,1338.96
2017-09-04,1338.08,1344.59,1337.01
2017-09-05,1411.2,1411.2,1411.2
2017-09-06,1405.9,1405.9,1405.9
2017-09-07,1418,1418,1418
2017-09-08,1419.3,1419.3,1419.3
2017-09-11,1404.1,1404.1,1404.1
2017-09-12,1401.8,1406.6,1406.6
2017-09-13,1396.7,1396.7,1396.7
2017-09-14,1399.2,1399.2,1399.2
2017-09-15,1395.1,1395.1,1395.1
2017-09-18,1380.3,1380.3,1380.3
2017-09-19,1382.6,1382.6,1382.6
2017-09-20,1388.3,1388.3,1388.3
2017-09-21,1366.7,1367.3,1367.3
2017-09-22,1369.4,1369.4,1369.4
2017-09-25,1383.5,1382,1382
2017-09-26,1374.1,1374.1,1374.1
2017-09-27,1360.7,1360.7,1360.7
2017-09-28,1361.3,1361.3,1361.3
2017-09-29,1357.6,1357.6,1357.6
2017-10-02,1350.1,1350.1,1350.1
2017-10-03,1348.8,1353.3,1353.3
2017-10-04,1351,1351,1351
2017-10-05,1348.3,1348.3,1348.3
2017-10-06,1350,1350,1350
2017-10-09,1360.4,1362,1362
2017-10-10,1369.4,1374.7,1374.7
2017-10-11,1364.5,1364.5,1364.5
2017-10-12,1372.3,1372.3,1372.3
2017-10-13,1380.4,1372,1372
2017-10-16,1379.7,1382,1382
2017-10-17,1362.5,1362.5,1362.5
2017-10-18,1359.3,1359.3,1359.3
2017-10-19,1365.9,1365.9,1365.9
2017-10-20,1356.2,1356.2,1356.2
2017-10-23,1356.9,1356.9,1356.9
2017-10-24,1354.2,1354.2,1354.2
2017-10-25,1355.5,1355.5,1355.5
2017-10-26,1346.5,1346.5,1346.5
2017-10-27,1349.1,1351.7,1351.7
2017-10-30,1354.9,1354.9,1354.9
2017-10-31,1347.7,1347.7,1347.7
2017-11-01,1354.6,1354.6,1354.6
2017-11-02,1355.4,1355.4,1355.4
2017-11-03,1346.9,1346.9,1346.9
2017-11-06,1359.7,1359.7,1359.7
2017-11-07,1353.9,1353.9,1353.9
2017-11-08,1362.3,1362.3,1362.3
2017-11-09,1366.8,1366.8,1366.8
2017-11-10,1354.5,1354.5,1354.5
2017-11-13,1360.4,1360.4,1360.4
2017-11-14,1364.2,1364.2,1364.2
2017-11-15,1358.7,1358.7,1358.7
2017-11-16,1359.4,1359.4,1359.4
2017-11-17,1378,1378,1378
2017-11-20,1357.6,1357.6,1357.6
2017-11-21,1364.8,1364.8,1364.8
2017-11-22,1376.4,1376.4,1376.4
2017-11-23,1291.66,1293.87,1287.65
2017-11-24,1371.6,1371.6,1371.6
2017-11-27,1378.7,1378.7,1378.7
2017-11-28,1379,1379,1379
2017-11-29,1366.4,1382,1382
2017-11-30,1357.3,1357.3,1357.3
2017-12-01,1362.8,1362.8,1362.8
2017-12-04,1358,1358,1358
2017-12-05,1345.1,1345.1,1345.1
2017-12-06,1346.2,1346.2,1346.2
2017-12-07,1333,1327.6,1327.6
2017-12-08,1328.1,1330.5,1330.5
2017-12-11,1326.8,1326.8,1326.8
2017-12-12,1321.9,1321.9,1321.9
2017-12-13,1328.7,1328.7,1328.7
2017-12-14,1337.2,1342,1334
2017-12-15,1337.4,1337.4,1337.4
2017-12-18,1345.6,1345.6,1345.6
2017-12-19,1344.8,1344.8,1344.8
2017-12-20,1350.4,1350.4,1350.4
2017-12-21,1351.3,1351.3,1351.3
2017-12-22,1359.8,1354.3,1353.7
2017-12-25,1277.9,1279.5,1277.9
2017-12-26,1368.5,1368.5,1368.5
2017-12-27,1372.3,1372.3,1372.3
2017-12-28,1379.4,1372.1,1372
2017-12-29,1391.9,1391.9,1391.9
2018-01-01,1308.7,1309.7,1304.6
2018-01-02,1400.1,1400.1,1400.1
2018-01-03,1404,1399,1399
2018-01-04,1407.3,1407.3,1407.3
2018-01-05,1408.3,1408.3,1408.3
2018-01-08,1407.4,1407.4,1407.4
2018-01-09,1401.3,1398,1398
2018-01-10,1408.3,1408.3,1408.3
2018-01-11,1411.4,1411.4,1411.4
2018-01-12,1425.7,1425.7,1425.7
2018-01-14,1337.4,1338.6,1336.4
2018-01-15,1341.8,1344.9,1337
2018-01-16,1428.1,1428.1,1428.1
2018-01-17,1431,1431,1431
2018-01-18,1419,1419,1419
2018-01-19,1425.9,1425.9,1425.9
2018-01-22,1429.6,1429.6,1429.6
2018-01-23,1434.2,1434.2,1434.2
2018-01-24,1456.3,1456.3,1456.3
2018-01-25,1463.1,1463.1,1463.1
2018-01-26,1453.7,1453.7,1453.7
2018-01-29,1441.3,1441.3,1441.3
2018-01-30,1436.2,1436.2,1436.2
2018-01-31,1439.4,1439.4,1439.4
2018-02-01,1445.1,1445.1,1445.1
2018-02-02,1434.6,1434.6,1434.6
2018-02-05,1432.9,1432.9,1432.9
2018-02-06,1425.4,1425.4,1425.4
2018-02-07,1410.7,1410.7,1410.7
2018-02-08,1414.8,1414.8,1414.8
2018-02-09,1410.1,1410.1,1410.1
2018-02-12,1420.9,1420.9,1420.9
2018-02-13,1424.8,1424.8,1424.8
2018-02-14,1452.9,1452.9,1452.9
2018-02-15,1451.5,1451.5,1451.5
2018-02-16,1452.8,1452.8,1452.8
2018-02-18,1350.5,1352.4,1349.7
2018-02-19,1347.8,1353.9,1347.4
2018-02-20,1428.4,1428.4,1428.4
2018-02-21,1430.6,1430.6,1430.6
2018-02-22,1431.4,1431.4,1431.4
2018-02-23,1429,1429,1429
2018-02-26,1433.1,1433.1,1433.1
2018-02-27,1419.6,1419.6,1419.6
2018-02-28,1419.2,1419.2,1419.2
2018-03-01,1406,1406,1406
2018-03-02,1424.2,1424.2,1424.2
2018-03-05,1420.5,1420.5,1420.5
2018-03-06,1435.9,1435.9,1435.9
2018-03-07,1427.9,1427.9,1427.9
2018-03-08,1423.7,1423.7,1423.7
2018-03-09,1428,1428,1428
2018-03-12,1424.8,1424.8,1424.8
2018-03-13,1431.4,1433.4,1433.4
2018-03-14,1429.7,1429.7,1429.7
2018-03-15,1421.7,1421.7,1421.7
2018-03-16,1416.3,1416.3,1416.3
2018-03-19,1421.7,1421.7,1421.7
2018-03-20,1416.2,1416.2,1416.2
2018-03-21,1426.6,1426.6,1426.6
2018-03-22,1432.2,1432.2,1432.2
2018-03-23,1455,1455,1455
2018-03-26,1461,1461,1461
2018-03-27,1447.8,1447.8,1447.8
2018-03-28,1428.9,1428.9,1428.9
2018-03-29,1426,1426,1426
2018-04-02,1445.8,1445.8,1445.8
2018-04-03,1436.5,1436.5,1436.5
2018-04-04,1439.7,1439.7,1439.7
2018-04-05,1428.1,1428.1,1428.1
2018-04-06,1435.9,1435.9,1435.9
2018-04-09,1439.6,1439.6,1439.6
2018-04-10,1445.5,1445.5,1445.5
2018-04-11,1460,1460,1460
2018-04-12,1441.4,1441.4,1441.4
2018-04-13,1447.9,1447.9,1447.9
2018-04-16,1450.6,1450.6,1450.6
2018-04-17,1449.3,1449.3,1449.3
2018-04-18,1453.5,1460.1,1460.1
2018-04-19,1448.8,1453,1453
2018-04-20,1438.2,1442,1442
2018-04-23,1424,1424,1424
2018-04-24,1433.1,1433.1,1433.1
2018-04-25,1422.9,1422.9,1422.9
2018-04-26,1418,1418,1418
2018-04-27,1423.6,1423.6,1423.6
2018-04-30,1419.1,1419.1,1419.1
2018-05-01,1406.4,1406.4,1406.4
2018-05-02,1405.3,1405.3,1405.3
2018-05-03,1412.4,1412.4,1412.4
2018-05-04,1414.7,1414.7,1414.7
2018-05-07,1414.2,1414.2,1414.2
2018-05-08,1413.8,1413.8,1413.8
2018-05-09,1413,1413.5,1413.3
2018-05-10,1422.1,1422.1,1422.1
2018-05-11,1420.4,1420.4,1420.4
2018-05-14,1417.9,1417.9,1417.9
2018-05-15,1389.8,1405.3,1405.3
2018-05-16,1392.1,1392.1,1392.1
2018-05-17,1390,1390,1390
2018-05-18,1391.3,1391.3,1391.3
2018-05-21,1391.1,1391.1,1391.1
2018-05-22,1392.1,1392.1,1392.1
2018-05-23,1389.2,1389.2,1389.2
2018-05-24,1404.2,1404.2,1404.2
2018-05-25,1403.2,1403.2,1403.2
2018-05-27,1298.3,1299.9,1296.1
2018-05-28,1297.6,1299.7,1294.7
2018-05-29,1393.7,1393.7,1393.7
2018-05-30,1396.7,1396.7,1396.7
2018-05-31,1395,1395,1395
2018-06-01,1390.1,1392.4,1392.4
2018-06-04,1389.5,1390.5,1389.6
2018-06-05,1394.5,1394.5,1394.5
2018-06-06,1393.9,1393.9,1393.9
2018-06-07,1394.8,1394.8,1394.8
2018-06-08,1394.8,1394.8,1394.8
2018-06-11,1395.9,1395.9,1395.9
2018-06-12,1392.2,1392.2,1392.2
2018-06-13,1393.9,1393.9,1393.9
2018-06-14,1401,1401,1401
2018-06-15,1369.7,1369.7,1369.7
2018-06-18,1371.5,1371.5,1371.5
2018-06-19,1369.6,1369.6,1369.6
2018-06-20,1365.7,1376.8,1376.8
2018-06-21,1361.4,1360,1360
2018-06-22,1361.7,1365,1365
2018-06-25,1359.6,1353.7,1353.7
2018-06-26,1350,1350,1350
2018-06-27,1345.5,1345.5,1345.5
2018-06-28,1340,1340,1340
2018-06-29,1343.7,1343.7,1343.7
2018-07-02,1329.7,1329.7,1329.7
2018-07-03,1342.2,1342.2,1342.2
2018-07-04,1258.1,1262.4,1255.3
2018-07-05,1347.4,1347.4,1347.4
2018-07-06,1344.6,1344.6,1344.6
2018-07-09,1348.8,1348.8,1348.8
2018-07-10,1344.9,1344.9,1344.9
2018-07-11,1333.1,1333.1,1333.1
2018-07-12,1335.2,1335.2,1335.2
2018-07-13,1329,1327,1327
2018-07-16,1327.5,1327.5,1327.5
2018-07-17,1314.6,1320,1320
2018-07-18,1315,1315,1315
2018-07-19,1310.4,1302,1302
2018-07-20,1316.8,1316.8,1316.8
2018-07-23,1310.7,1307.6,1307.6
2018-07-24,1310.8,1310.8,1310.8
2018-07-25,1316.7,1316.7,1316.7
2018-07-26,1311.5,1311.5,1311.5
2018-07-27,1309,1309,1309
2018-07-30,1307.7,1309.1,1301.9
2018-07-31,1309.8,1309.8,1309.8
2018-08-01,1304,1304,1304
2018-08-02,1296.2,1308,1308
2018-08-03,1299.4,1298.4,1288.8
2018-08-06,1293.6,1305,1298.6
2018-08-07,1294.2,1294.2,1294.2
2018-08-08,1296.8,1296.8,1296.8
2018-08-09,1295.8,1295.8,1295.8
2018-08-10,1294.6,1294.6,1294.6
2018-08-13,1274.1,1274.1,1274.1
2018-08-14,1275.9,1273.4,1273.4
2018-08-15,1259.7,1265.8,1265.8
2018-08-16,1258,1258,1258
2018-08-17,1258.1,1258.1,1258.1
2018-08-20,1267.5,1266,1266
2018-08-21,1272.8,1272.9,1272.9
2018-08-22,1275.8,1280.2,1278.2
2018-08-23,1265.2,1265.2,1265.2
2018-08-24,1285,1285,1285
2018-08-27,1288,1288,1288
2018-08-28,1286.4,1286.4,1286.4
2018-08-29,1283.3,1283.3,1283.3
2018-08-30,1276.1,1276.1,1276.1
2018-08-31,1277.7,1277.7,1277.7
2018-09-02,1204.9,1206.6,1204.5
2018-09-03,1206.3,1209.6,1201.3
2018-09-04,1270.2,1270.2,1270.2
2018-09-05,1272.6,1271.9,1266.1
2018-09-06,1275.7,1275.7,1275.7
2018-09-07,1272.1,1272.1,1272.1
2018-09-10,1271.6,1271.6,1271.6
2018-09-11,1274.4,1274.4,1274.4
2018-09-12,1283.9,1271,1269.5
2018-09-13,1281,1281,1281
2018-09-14,1273.8,1273.8,1273.8
2018-09-17,1278.4,1278.4,1278.4
2018-09-18,1275.7,1275.7,1275.7
2018-09-19,1281.5,1281.5,1281.5
2018-09-20,1284.4,1284.4,1284.4
2018-09-21,1274.3,1274.3,1274.3
2018-09-24,1277.4,1277.4,1277.4
2018-09-25,1278.2,1278.2,1278.2
2018-09-26,1271.8,1271.8,1271.8
2018-09-27,1259.8,1260,1260
2018-09-28,1268.7,1270,1270
2018-10-01,1264.4,1264.4,1264.4
2018-10-02,1280.7,1280.7,1280.7
2018-10-03,1276.7,1276.7,1276.7
2018-10-04,1275.5,1275.5,1275.5
2018-10-05,1280.2,1280.2,1280.2
2018-10-08,1262.9,1262.9,1262.9
2018-10-09,1265.8,1265.8,1265.8
2018-10-10,1267.7,1267.7,1267.7
2018-10-11,1302.3,1271.2,1271.2
2018-10-12,1296.3,1296.3,1296.3
2018-10-15,1305.4,1305.4,1305.4
2018-10-16,1305.8,1305.8,1305.8
2018-10-17,1301.9,1301.9,1301.9
2018-10-18,1305.1,1305.1,1305.1
2018-10-19,1303.8,1303.8,1303.8
2018-10-22,1299.8,1299.8,1299.8
2018-10-23,1312,1312,1312
2018-10-24,1305.5,1305.5,1305.5
2018-10-25,1306.7,1306.7,1306.7
2018-10-26,1309.7,1309.7,1309.7
2018-10-29,1301.1,1301.1,1301.1
2018-10-30,1298.9,1296.7,1296.7
2018-10-31,1288.2,1291.1,1291.1
2018-11-01,1312.2,1312.2,1312.2
2018-11-02,1307.3,1307.3,1307.3
2018-11-05,1306.4,1306.4,1306.4
2018-11-06,1300.4,1300.4,1300.4
2018-11-07,1302.8,1302.8,1302.8
2018-11-08,1299.3,1299.3,1299.3
2018-11-09,1282.2,1282.2,1282.2
2018-11-12,1276.8,1276.8,1276.8
2018-11-13,1274.7,1274.7,1274.7
2018-11-14,1283.2,1283.2,1283.2
2018-11-15,1287.6,1287.6,1287.6
2018-11-16,1294.9,1294.9,1294.9
2018-11-19,1297.5,1297.5,1297.5
2018-11-20,1293.4,1293.4,1293.4
2018-11-21,1300.8,1300.8,1300.8
2018-11-22,1228,1229.7,1225.5
2018-11-23,1296.1,1296.1,1296.1
2018-11-26,1295.8,1295.8,1295.8
2018-11-27,1286.5,1286.5,1286.5
2018-11-28,1296.4,1296.4,1296.4
2018-11-29,1297,1297,1297
2018-11-30,1292.7,1289.7,1289.7
2018-12-03,1306.4,1306.4,1306.4
2018-12-04,1313.6,1313.6,1313.6
2018-12-05,1309.6,1309.6,1309.6
2018-12-06,1310.2,1313.9,1309.5
2018-12-07,1319.5,1319.5,1319.5
2018-12-10,1314.8,1314.8,1314.8
2018-12-11,1312.9,1312.9,1312.9
2018-12-12,1315.8,1315.8,1315.8
2018-12-13,1313.2,1313.2,1313.2
2018-12-14,1307,1307,1307
2018-12-17,1317.4,1317.4,1317.4
2018-12-18,1318.5,1318.5,1318.5
2018-12-19,1321.3,1321.3,1321.3
2018-12-20,1333.1,1333.1,1333.1
2018-12-21,1323.1,1323.1,1323.1
2018-12-24,1337,1337,1337
2018-12-25,1270.75,1274.55,1270.65
2018-12-26,1338.3,1343,1343
2018-12-27,1346.5,1346.5,1346.5
2018-12-28,1348.3,1348.3,1348.3
2018-12-31,1347.1,1347.1,1347.1
2019-01-01,1283.35,1284.75,1282.85
2019-01-02,1349.5,1349.5,1349.5
2019-01-03,1359.8,1359.8,1359.8
2019-01-04,1351,1351.8,1351.8
2019-01-07,1355.2,1355.2,1355.2
2019-01-08,1351.1,1351.1,1351.1
2019-01-09,1357.3,1357.3,1357.3
2019-01-10,1353,1353,1353
2019-01-11,1355.4,1355.4,1355.4
2019-01-14,1357.2,1357.2,1357.2
2019-01-15,1353.7,1353.7,1353.7
2019-01-16,1359.3,1359.3,1359.3
2019-01-17,1357.9,1357.9,1357.9
2019-01-18,1348.1,1348.1,1348.1
2019-01-20,1282.05,1282.7,1280.5
2019-01-21,1279.05,1282.95,1276.15
2019-01-22,1348.4,1348.4,1348.4
2019-01-23,1349.3,1349.3,1349.3
2019-01-24,1344.9,1344.9,1344.9
2019-01-25,1364,1360,1360
2019-01-28,1369.8,1369.8,1369.8
2019-01-29,1375.6,1375.6,1375.6
2019-01-30,1375.9,1377.6,1377.6
2019-01-31,1384,1384,1384
2019-02-01,1381.1,1382.6,1382.6
2019-02-04,1378.3,1378.3,1378.3
2019-02-05,1378.6,1378.6,1378.6
2019-02-06,1373.8,1373.8,1373.8
2019-02-07,1373.6,1373.6,1373.6
2019-02-08,1377.8,1377.8,1377.8
2019-02-11,1371.2,1371.2,1371.2
2019-02-12,1373.2,1373.2,1373.2
2019-02-13,1374.6,1374.6,1374.6
2019-02-14,1373.2,1373.2,1373.2
2019-02-15,1381.2,1381.2,1381.2
2019-02-17,1324.25,1324.95,1323.85
2019-02-18,1329.55,1330.75,1324.05
2019-02-19,1403.9,1403.9,1403.9
2019-02-20,1406.7,1406.7,1406.7
2019-02-21,1387.2,1388,1388
2019-02-22,1392.5,1392.5,1392.5
2019-02-25,1389,1389,1389
2019-02-26,1387.9,1387.9,1387.9
2019-02-27,1380.5,1380.5,1380.5
2019-02-28,1375.3,1374,1374
2019-03-01,1358.3,1358.3,1358.3
2019-03-04,1346.3,1346.3,1346.3
2019-03-05,1343.5,1343.5,1343.5
2019-03-06,1346.5,1346.5,1346.5
2019-03-07,1344.9,1344.9,1344.9
2019-03-08,1358.5,1358.5,1358.5
2019-03-11,1350,1350,1350
2019-03-12,1356.6,1356.6,1356.6
2019-03-13,1368.1,1368.1,1368.1
2019-03-14,1352.9,1352.9,1352.9
2019-03-15,1360.6,1360.6,1360.6
2019-03-18,1359.4,1359.4,1359.4
2019-03-19,1364.7,1364.7,1364.7
2019-03-20,1359.5,1359.5,1359.5
2019-03-21,1364.5,1364.5,1364.5
2019-03-22,1369.3,1368.2,1368.2
2019-03-25,1378.1,1378.1,1378.1
2019-03-26,1369.3,1369.3,1369.3
2019-03-27,1363.8,1363.8,1363.8
2019-03-28,1342.4,1348,1342.2
2019-03-29,1346,1354.1,1354.1
2019-04-01,1342.7,1342.7,1342.7
2019-04-02,1343.9,1343.2,1340.8
2019-04-03,1344,1344,1344
2019-04-04,1343.5,1343.5,1343.5
2019-04-05,1345.2,1345.2,1345.2
2019-04-08,1351.9,1351.9,1351.9
2019-04-09,1358.4,1358.4,1358.4
2019-04-10,1363.9,1363.9,1363.9
2019-04-11,1343.4,1356.6,1356.6
2019-04-12,1346.3,1346.3,1346.3
2019-04-15,1342.4,1342.4,1342.4
2019-04-16,1328.1,1329.1,1329
2019-04-17,1327.6,1327.6,1327.6
2019-04-18,1326.9,1326.9,1326.9
2019-04-19,1277.9,1277.9,1277.9
2019-04-22,1328.5,1328.5,1328.5
2019-04-23,1323.8,1323.8,1323.8
2019-04-24,1329.9,1329.9,1329.9
2019-04-25,1330.2,1330.2,1330.2
2019-04-26,1339.2,1339.2,1339.2
2019-04-29,1331.6,1331.6,1331.6
2019-04-30,1335.7,1335.7,1335.7
2019-05-01,1334.2,1334.2,1334.2
2019-05-02,1322.2,1323,1323
2019-05-03,1331.7,1331.7,1331.7
2019-05-06,1334,1334,1334
2019-05-07,1335.8,1335.8,1335.8
2019-05-08,1331.4,1338,1338
2019-05-09,1335.1,1335.1,1335.1
2019-05-10,1337.2,1337.2,1337.2
2019-05-13,1350.2,1350.2,1350.2
2019-05-14,1343.4,1343.4,1343.4
2019-05-15,1344.5,1344.5,1344.5
2019-05-16,1333.1,1333.1,1333.1
2019-05-17,1322.5,1322.5,1322.5
2019-05-20,1324.2,1324.2,1324.2
2019-05-21,1320.1,1320.1,1320.1
2019-05-22,1321.3,1321.3,1321.3
2019-05-23,1331.8,1328.4,1328.4
2019-05-24,1330.1,1329.2,1329.2
2019-05-26,1284.15,1285.15,1283.65
2019-05-27,1284.95,1286.85,1283.25
2019-05-28,1323.3,1322.6,1322.6
2019-05-29,1326.5,1327.8,1327.8
2019-05-30,1332.9,1332.4,1332.4
2019-05-31,1349.6,1347.8,1342.9
2019-06-03,1365.3,1356.5,1356.5
2019-06-04,1366.5,1366.5,1366.5
2019-06-05,1370.2,1376.6,1368.8
2019-06-06,1378.5,1370,1370
2019-06-07,1381.9,1388.5,1382.4
2019-06-10,1366.9,1378,1367
2019-06-11,1369,1369,1369
2019-06-12,1373.8,1373.8,1373.8
2019-06-13,1380.7,1378.7,1378.3
2019-06-14,1381.5,1389.2,1379.8
2019-06-17,1379.6,1384.2,1379.7
2019-06-18,1387.4,1394.5,1379.7
2019-06-19,1384.4,1382.1,1382.1
2019-06-20,1429.4,1428.7,1417.4
2019-06-21,1432.7,1444,1419.6
2019-06-24,1450.9,1449.6,1439
2019-06-25,1451.3,1473.9,1448.7
2019-06-26,1447.8,1445.4,1440.5
2019-06-27,1444.5,1444.5,1444.5
2019-06-28,1446.8,1451,1445.7
2019-07-01,1423.6,1444,1424.4
2019-07-02,1442.8,1428.6,1428.6
2019-07-03,1456,1465.5,1461.9
2019-07-04,1423.55,1426.65,1412.85
2019-07-05,1436.6,1433,1428
2019-07-08,1437.3,1436.9,1436.9
2019-07-09,1438.3,1430.8,1430.6
2019-07-10,1450.5,1450.5,1450.5
2019-07-11,1445.3,1467.2,1461.4
2019-07-12,1450.9,1450.9,1450.9
2019-07-15,1452.3,1452.3,1452.3
2019-07-16,1450.2,1453.4,1453.4
2019-07-17,1462.5,1467.3,1455
2019-07-18,1467.2,1488.5,1459.4
2019-07-19,1465.5,1487.4,1461.5
2019-07-22,1466,1466,1466
2019-07-23,1460.8,1459.6,1458.6
2019-07-24,1462.9,1467.2,1467.2
2019-07-25,1454.4,1468,1456.1
2019-07-26,1460.4,1460.4,1460.4
2019-07-29,1461.7,1461.7,1461.7
2019-07-30,1470.3,1472.4,1469
2019-07-31,1466.3,1469.6,1452.9
2019-08-01,1461.5,1485.6,1443.3
2019-08-02,1485.3,1476.2,1476.2
2019-08-05,1502.6,1505,1487.4
2019-08-06,1509.7,1511.1,1498.6
2019-08-07,1544.6,1547.7,1510.6
2019-08-08,1535,1542.1,1532.6
2019-08-09,1534.5,1543.8,1535
2019-08-12,1543,1550.1,1526.4
2019-08-13,1540.7,1571.7,1523.1
2019-08-14,1554,1553.1,1532.6
2019-08-15,1556.7,1561.2,1546
2019-08-16,1549.2,1557.7,1541.3
2019-08-19,1537.2,1543.9,1531
2019-08-20,1541.3,1540.7,1530.2
2019-08-21,1541.5,1540.6,1532.7
2019-08-22,1534.4,1538.8,1530.5
2019-08-23,1563.5,1563.5,1537.3
2019-08-26,1563.1,1584.5,1563.2
2019-08-27,1578,1579.3,1564.6
2019-08-28,1575.3,1578,1571.6
2019-08-29,1564,1578.8,1562
2019-08-30,1557.2,1566.9,1555
2019-09-01,1538.05,1542.9,1535.25
2019-09-02,1535.15,1540.05,1528.15
2019-09-03,1583.2,1583.9,1561.2
2019-09-04,1587.4,1590.7,1572
2019-09-05,1552.9,1584.1,1544.9
2019-09-06,1543.3,1559.9,1539.2
2019-09-09,1539.6,1546.6,1534.1
2019-09-10,1528.1,1532.6,1524.9
2019-09-11,1532.4,1534.4,1528.8
2019-09-12,1537.8,1558.6,1530.4
2019-09-13,1530.7,1543.4,1525.6
2019-09-16,1542.3,1546.5,1536.4
2019-09-17,1544.1,1542.3,1538.8
2019-09-18,1546.1,1549,1530.4
2019-09-19,1536.4,1540.4,1528.8
2019-09-20,1545.3,1553.5,1537.8
2019-09-23,1561.6,1562.5,1556.6
2019-09-24,1570.1,1573,1554.9
2019-09-25,1542,1572,1539.1
2019-09-26,1545,1547,1538
2019-09-27,1536.1,1538.3,1525.7
2019-09-30,1502.3,1533,1500.1
2019-10-01,1518,1520,1499
2019-10-02,1536.8,1536.3,1509.9
2019-10-03,1541.3,1551.8,1535.2
2019-10-04,1540.7,1541.3,1530.2
2019-10-07,1532.5,1538.9,1522.2
2019-10-08,1531.9,1540,1522.6
2019-10-09,1541.1,1543,1535
2019-10-10,1529.7,1548,1526
2019-10-11,1517.8,1534.6,1508
2019-10-14,1527.1,1530,1524.4
2019-10-15,1513.1,1524.5,1513
2019-10-16,1523.4,1522.2,1510
2019-10-17,1527.8,1527.6,1519.9
2019-10-18,1523,1526.1,1519.5
2019-10-21,1517.3,1524.9,1515
2019-10-22,1516.6,1519,1515
2019-10-23,1524.9,1526.1,1522
2019-10-24,1533.9,1534.7,1522
2019-10-25,1535.1,1549.9,1535
2019-10-28,1525.8,1536.2,1523.5
2019-10-29,1520.6,1524.2,1515.5
2019-10-30,1526.5,1526.5,1513.2
2019-10-31,1544,1545,1527
2019-11-01,1541.3,1545,1538
2019-11-04,1541.6,1544.8,1541
2019-11-05,1514.5,1535,1513
2019-11-06,1523.9,1525.4,1516.1
2019-11-07,1497.7,1520.1,1495.1
2019-11-08,1496.3,1503,1488.8
2019-11-11,1488,1494,1480.1
2019-11-12,1484.2,1488.5,1480
2019-11-13,1493.9,1498.1,1489.9
2019-11-14,1504,1504.7,1494.8
2019-11-15,1499.1,1499.9,1495.9
2019-11-18,1502.4,1502.8,1488.8
2019-11-19,1504.8,1506.1,1497
2019-11-20,1504.5,1509.2,1498
2019-11-21,1494,1505.7,1494
2019-11-22,1494.4,1502.3,1492
2019-11-25,1488.1,1492,1485.2
2019-11-26,1491,1492,1481
2019-11-27,1484.4,1490.2,1483.9
2019-11-28,1462.25,1464.55,1460.75
2019-11-29,1496.6,1495.4,1484.2
2019-12-02,1493.1,1495.3,1485
2019-12-03,1508.6,1510.3,1491.1
2019-12-04,1504.5,1513.5,1502.5
2019-12-05,1507.5,1508,1503
2019-12-06,1489.9,1506,1488
2019-12-09,1489.8,1493.2,1489.4
2019-12-10,1493.2,1496,1489.7
2019-12-11,1500.1,1507,1497.5
2019-12-12,1497.5,1514,1494.1
2019-12-13,1506.9,1507.9,1493
2019-12-16,1506.7,1509.4,1503.9
2019-12-17,1506.8,1510,1505
2019-12-18,1504.3,1508.5,1501.7
2019-12-19,1510,1510.4,1503.5
2019-12-20,1506.4,1510,1505.2
2019-12-23,1514.4,1514.9,1510.7
2019-12-24,1530.5,1530.1,1518.6
2019-12-25,1504.05,1504.4,1502.15
2019-12-26,1540.3,1543,1528.4
2019-12-27,1544.4,1545,1540
2019-12-30,1545.4,1545.5,1540.1
2019-12-31,1550.6,1555,1546.4
2020-01-01,1520.95,1523.95,1520.85
2020-01-02,1555.2,1559.5,1548.2
2020-01-03,1579.6,1583.6,1561.6
2020-01-06,1596.1,1615.3,1590
2020-01-07,1601.3,1605.5,1586.5
2020-01-08,1587,1637.9,1581.5
2020-01-09,1581.4,1587.5,1570.2
2020-01-10,1587,1589.6,1574.1
2020-01-13,1577.5,1586.8,1574.9
2020-01-14,1571.2,1573.9,1563.4
2020-01-15,1580.3,1582.2,1573.4
2020-01-16,1576.9,1583.4,1575
2020-01-17,1587.2,1588,1577.1
2020-01-19,1557.05,1559.05,1556.45
2020-01-20,1561.25,1562.7,1556.65
2020-01-21,1584.7,1593.8,1573.6
2020-01-22,1583.5,1585.5,1577.6
2020-01-23,1592.1,1593.5,1580.1
2020-01-24,1599,1601.4,1584
2020-01-27,1604.6,1612.8,1602.8
2020-01-28,1596.9,1607.1,1593.4
2020-01-29,1597.9,1603.6,1589.3
2020-01-30,1610.7,1612,1599
2020-01-31,1609.4,1615.3,1597.7
2020-02-03,1604,1619.6,1595
2020-02-04,1577.5,1602.3,1576
2020-02-05,1584.7,1587,1573
2020-02-06,1591.7,1592.4,1579.3
2020-02-07,1595,1598.3,1588.4
2020-02-10,1600.7,1601.5,1594.2
2020-02-11,1591.1,1597.9,1587.1
2020-02-12,1592.4,1593.9,1587.5
2020-02-13,1599.6,1602,1594
2020-02-14,1606.9,1608.4,1597.3
2020-02-16,1586.25,1586.25,1583.45
2020-02-17,1587.05,1588.45,1581.85
2020-02-18,1624,1628.3,1603.5
2020-02-19,1632.2,1634.8,1623.3
2020-02-20,1640.8,1645.5,1627.7
2020-02-21,1669.1,1671.2,1642.4
2020-02-24,1697.1,1711.8,1673.3
2020-02-25,1670.2,1681.6,1650
2020-02-26,1662.9,1676.7,1646.7
2020-02-27,1661.4,1680.3,1656
2020-02-28,1583.6,1667.1,1582
2020-03-02,1609.7,1626,1593.9
2020-03-03,1658.8,1663.8,1606.5
2020-03-04,1656.5,1661.1,1647.3
2020-03-05,1680.4,1687.2,1653
2020-03-06,1683,1703.6,1657.7
2020-03-09,1684.1,1712.1,1668.1
2020-03-10,1669,1679.3,1651.5
2020-03-11,1650.8,1677.6,1641.7
2020-03-12,1598.8,1655.2,1568.7
2020-03-13,1524.9,1604.2,1514.3
2020-03-16,1493.8,1578.6,1458.8
2020-03-17,1534.1,1561.5,1476.3
2020-03-18,1487.1,1551.1,1485.2
2020-03-19,1489.4,1508,1476.9
2020-03-20,1495.1,1530,1468
2020-03-23,1581.4,1583.7,1498.9
2020-03-24,1663,1691.4,1578
2020-03-25,1633.3,1695,1607.5
2020-03-26,1662,1678,1615
2020-03-27,1655,1659.3,1631.9
2020-03-30,1644.1,1672.5,1634.6
2020-03-31,1597.6,1642.2,1590.8
2020-04-01,1592.5,1611,1577.7
2020-04-02,1638.9,1645.2,1596.7
2020-04-03,1646.5,1651.5,1625.3
2020-04-06,1693.1,1713.5,1640
2020-04-07,1683.7,1740.8,1674.3
2020-04-08,1684.1,1693.9,1673.9
2020-04-09,1753.6,1754.3,1679.2
2020-04-10,1740.6,1740.6,1740.6
2020-04-13,1762.7,1773.5,1725
2020-04-14,1771.2,1789.5,1750
2020-04-15,1744.7,1762.7,1736.4
2020-04-16,1736.3,1771.2,1727.6
2020-04-17,1702.7,1741.3,1695.5
2020-04-20,1715.3,1722,1689.2
2020-04-21,1692.1,1720.8,1670.3
2020-04-22,1743.5,1747.1,1700
2020-04-23,1751,1769.2,1736
2020-04-24,1741.7,1765.5,1733
2020-04-27,1731.4,1753,1726.8
2020-04-28,1731.2,1740,1712.7
2020-04-29,1722.4,1741.8,1718
2020-04-30,1704.9,1745,1697.7
2020-05-01,1712,1723.1,1688
2020-05-04,1725.9,1735.5,1711.8
2020-05-05,1728,1733.7,1710.5
2020-05-06,1704.4,1733.4,1698.8
2020-05-07,1743.7,1750.5,1704.5
2020-05-08,1735.2,1752.7,1724.5
2020-05-11,1720.9,1734.2,1714.2
2020-05-12,1728,1737.2,1717
2020-05-13,1737.3,1744.5,1721
2020-05-14,1762,1765.1,1735
2020-05-15,1778.7,1783,1758
2020-05-18,1760.6,1800,1756.2
2020-05-19,1773.4,1779.6,1754.2
2020-05-20,1781.7,1785.1,1773
2020-05-21,1750.4,1779.8,1743.8
2020-05-22,1765.6,1768.3,1750.6
2020-05-24,1730.65,1735.9,1729.8
2020-05-25,1727,1731.35,1719.25
2020-05-26,1740.5,1768,1734.8
2020-05-27,1740.5,1743.3,1714.8
2020-05-28,1742.7,1757.3,1734.3
2020-05-29,1765.7,1767.1,1740.7
2020-06-01,1763.7,1774.5,1751.6
2020-06-02,1749.7,1771,1743.4
2020-06-03,1723.5,1754.1,1707.5
2020-06-04,1746.4,1747.3,1718.5
2020-06-05,1701.9,1741.9,1690.1
2020-06-08,1723.8,1726,1700.1
2020-06-09,1740.3,1747.5,1715.9
2020-06-10,1739,1767,1732.8
2020-06-11,1757.6,1772.6,1746
2020-06-12,1755.2,1770.5,1746.9
2020-06-15,1744.9,1759.6,1724.6
2020-06-16,1754.4,1757.5,1739.8
2020-06-17,1753.4,1756.8,1735.6
2020-06-18,1747.9,1765.2,1739.6
2020-06-19,1768.6,1775.6,1745.5
2020-06-22,1781.7,1793.6,1769
2020-06-23,1797.1,1801.5,1774
2020-06-24,1792.6,1810.7,1787.8
2020-06-25,1788.4,1796.6,1781.6
2020-06-26,1798.5,1804,1772
2020-06-29,1800.1,1808.6,1795.3
2020-06-30,1820.4,1823.5,1794
2020-07-01,1801.9,1827.1,1789.8
2020-07-02,1812,1813.9,1788.3
2020-07-03,1787.6,1788.7,1783.65
2020-07-06,1816.1,1821.3,1801.6
2020-07-07,1834.3,1835,1804.8
2020-07-08,1850.6,1857,1829.1
2020-07-09,1833.5,1854.6,1829.6
2020-07-10,1831.3,1846.3,1825.5
2020-07-13,1843.7,1847.7,1831.6
2020-07-14,1841.5,1843,1819.3
2020-07-15,1841.6,1847.2,1831.9
2020-07-16,1826.5,1843.7,1819.9
2020-07-17,1833.7,1837.6,1821
2020-07-20,1840.1,1846.1,1830.7
2020-07-21,1869.6,1870.5,1839.9
2020-07-22,1892.6,1899,1867.8
2020-07-23,1917.4,1927.1,1890.4
2020-07-24,1925.2,1933.6,1908
2020-07-27,1955.4,1971.3,1926.8
2020-07-28,1963.9,2000,1927.5
2020-07-29,1976.7,1998.4,1955.7
2020-07-30,1966.8,1987.3,1952.3
2020-07-31,1985.9,2005.4,1971.4
2020-08-03,1986.3,2009.5,1975.2
2020-08-04,2021,2037.7,1982.6
2020-08-05,2049.3,2070.3,2027.5
2020-08-06,2069.4,2081.8,2049
2020-08-07,2028,2089.2,2024.8
2020-08-10,2039.7,2060.8,2027.8
2020-08-11,1946.3,2040.5,1911.3
2020-08-12,1949,1961,1874.2
2020-08-13,1970.4,1974.8,1923
2020-08-14,1949.8,1970,1939.1
2020-08-17,1998.7,2000.8,1939.1
2020-08-18,2013.1,2024.6,1985.2
2020-08-19,1970.3,2015.6,1930.5
2020-08-20,1946.5,1963.1,1928.9
2020-08-21,1947,1963.1,1916.6
2020-08-24,1939.2,1970.3,1930.8
2020-08-25,1923.1,1944.1,1919.1
2020-08-26,1952.5,1963.4,1908.4
2020-08-27,1932.6,1987,1914.7
2020-08-28,1974.9,1983,1928.2
2020-08-31,1978.6,1985.8,1962.3
2020-09-01,1978.9,2001.2,1969.2
2020-09-02,1944.7,1980.4,1938.9
2020-09-03,1937.8,1956.6,1927.2
2020-09-04,1934.3,1956.6,1921.6
2020-09-06,1940.65,1944.3,1937.65
2020-09-07,1937.1,1947.4,1930.45
2020-09-08,1943.2,1948.3,1911.7
2020-09-09,1954.9,1959.7,1926.3
2020-09-10,1964.3,1975.2,1948.6
2020-09-11,1957.35,1963.3,1944.35
